Out X,Out Y
0,128
5e-06,128
1e-05,129
1.5e-05,130
2e-05,132
2.5e-05,135
3e-05,135
3.5e-05,136
4e-05,139
4.5e-05,140
5e-05,141
5.5e-05,143
6e-05,144
6.500000000000001e-05,146
7.000000000000001e-05,147
7.500000000000001e-05,148
8.000000000000001e-05,151
8.500000000000001e-05,153
9.000000000000001e-05,152
9.500000000000001e-05,153
0.0001,157
0.000105,159
0.00011,159
0.000115,158
0.00012,162
0.000125,165
0.00013,165
0.000135,165
0.00014,166
0.000145,170
0.00015,171
0.000155,171
0.00016,172
0.000165,174
0.00017,176
0.000175,178
0.00018,177
0.000185,179
0.00019,182
0.000195,182
0.0002,182
0.000205,185
0.00021,186
0.000215,187
0.00022,188
0.000225,189
0.00023,190
0.000235,193
0.00024,193
0.000245,193
0.0002500000000000001,194
0.000255,197
0.00026,199
0.000265,197
0.0002700000000000001,198
0.000275,202
0.00028,202
0.000285,201
0.0002900000000000001,203
0.000295,205
0.0003,206
0.000305,206
0.0003100000000000001,206
0.000315,209
0.00032,209
0.000325,209
0.0003300000000000001,210
0.0003350000000000001,213
0.00034,212
0.000345,212
0.0003500000000000001,213
0.0003550000000000001,216
0.00036,215
0.000365,215
0.00037,216
0.0003750000000000001,218
0.00038,219
0.000385,217
0.00039,219
0.0003950000000000001,219
0.0004,221
0.000405,221
0.00041,221
0.0004150000000000001,221
0.0004200000000000001,222
0.000425,223
0.00043,223
0.0004350000000000001,222
0.0004400000000000001,225
0.000445,224
0.00045,224
0.0004550000000000001,224
0.0004600000000000001,225.9999999999999
0.000465,225
0.00047,225
0.0004750000000000001,225
0.0004800000000000001,226.9999999999999
0.0004850000000000001,225.9999999999999
0.00049,225
0.0004950000000000001,226.9999999999999
0.0005,225.9999999999999
0.000505,226.9999999999999
0.00051,225.9999999999999
0.000515,225.9999999999999
0.0005200000000000001,226.9999999999999
0.0005250000000000001,226.9999999999999
0.0005300000000000001,225.9999999999999
0.0005350000000000001,225
0.00054,228
0.000545,225.9999999999999
0.00055,225
0.000555,225.9999999999999
0.0005600000000000001,225.9999999999999
0.0005650000000000001,225.9999999999999
0.0005700000000000001,224
0.0005750000000000001,225
0.0005800000000000001,225.9999999999999
0.000585,224
0.00059,223
0.000595,224
0.0006000000000000001,225
0.0006050000000000001,222
0.0006100000000000001,222
0.0006150000000000001,222
0.0006200000000000001,222
0.000625,222
0.00063,220
0.000635,220
0.0006400000000000001,220
0.0006450000000000001,219
0.0006500000000000001,219
0.0006550000000000001,217
0.0006600000000000001,217
0.0006650000000000001,218
0.00067,215
0.000675,215
0.00068,215
0.0006850000000000001,214
0.0006900000000000001,212
0.0006950000000000001,213
0.0007000000000000001,212
0.0007050000000000001,210
0.00071,210
0.000715,209
0.00072,208
0.0007250000000000001,208
0.0007300000000000001,205
0.0007350000000000001,206
0.0007400000000000001,205
0.0007450000000000001,204
0.0007500000000000001,201
0.000755,202
0.00076,201
0.0007650000000000001,199
0.0007700000000000001,199
0.0007750000000000001,197
0.0007800000000000001,196
0.0007850000000000001,195
0.0007900000000000001,195
0.000795,194
0.0008,190
0.0008050000000000001,190
0.0008100000000000001,191
0.0008150000000000001,189
0.0008200000000000001,187
0.0008250000000000001,184
0.0008300000000000001,185
0.0008350000000000001,185
0.00084,182
0.000845,180
0.0008500000000000001,179
0.0008550000000000001,179
0.0008600000000000001,178
0.0008650000000000001,175
0.0008700000000000001,174
0.0008750000000000001,173
0.00088,172
0.000885,171
0.0008900000000000001,168
0.0008950000000000001,167
0.0009000000000000001,167
0.0009050000000000001,165
0.0009100000000000001,164
0.0009150000000000001,161
0.0009200000000000001,160
0.000925,160
0.0009300000000000001,158
0.0009350000000000001,155
0.0009400000000000001,155
0.0009450000000000001,155
0.0009500000000000001,151
0.0009550000000000001,150
0.0009600000000000001,148
0.0009650000000000001,149
0.0009700000000000001,146
0.0009750000000000001,144
0.00098,142
0.0009850000000000002,142
0.00099,142
0.000995,138
0.001,135
0.001005,135
0.00101,136
0.001015,133
0.00102,130
0.001025,128
0.00103,129
0.001035,128
0.00104,124
0.001045,122
0.00105,123
0.001055,121
0.00106,118
0.001065,117
0.00107,117
0.001075,115
0.00108,111
0.001085,112
0.00109,110
0.001095,109
0.0011,107
0.001105,105
0.00111,104
0.001115,102
0.00112,102
0.001125,99.99999999999999
0.00113,98
0.001135,96
0.00114,95
0.001145,95
0.00115,93
0.001155,91
0.00116,88
0.001165,89
0.00117,88
0.001175,85
0.00118,84
0.001185,83.00000000000001
0.00119,82.00000000000001
0.001195,80
0.0012,78
0.001205,78
0.00121,78
0.001215,74
0.00122,72
0.001225,74
0.00123,72
0.001235,70
0.00124,67.00000000000001
0.001245,68
0.00125,68
0.001255,65
0.00126,63
0.001265,63
0.00127,61.99999999999999
0.001275,61.99999999999999
0.00128,59
0.001285,56.99999999999999
0.00129,58
0.001295,58
0.0013,55.99999999999999
0.001305,51.99999999999999
0.00131,53
0.001315,54
0.00132,51.99999999999999
0.001325,49.99999999999999
0.00133,49
0.001335,49
0.00134,48
0.001345,47
0.00135,46
0.001355,45
0.00136,45
0.001365,43
0.00137,43
0.001375,43
0.00138,41.00000000000001
0.001385,41.00000000000001
0.00139,39
0.001395,40
0.0014,39
0.001405,37
0.00141,38
0.001415,38
0.00142,36
0.001425,35
0.00143,35
0.001435,35
0.00144,35
0.001445,34
0.00145,33
0.001455,33
0.00146,32
0.001465,33
0.00147,31
0.001475,32
0.00148,32
0.001485,31
0.00149,30
0.001495,31
0.0015,31
0.001505,30
0.00151,29
0.001515,30
0.00152,30
0.001525,30
0.00153,30
0.001535,29
0.00154,30
0.001545,29
0.00155,29
0.001555,30
0.00156,31
0.001565,30
0.00157,28
0.001575,29
0.00158,32
0.001585,33
0.00159,29
0.001595,28
0.0016,31
0.001605,34
0.00161,34
0.001615,30
0.00162,29
0.001625,32
0.00163,38
0.001635,36
0.00164,30
0.001645,30
0.00165,37
0.001655,40
0.00166,37
0.001665,32
0.00167,34
0.001675,40
0.00168,43
0.001685,39
0.00169,34
0.001695,38
0.0017,46
0.001705,45
0.00171,39
0.001715,39
0.00172,45
0.001725,49
0.00173,46
0.001735,43
0.00174,45
0.001745,51
0.00175,51
0.001755,48
0.00176,49
0.001765,53
0.00177,54
0.001775,53
0.00178,54
0.001785,55.99999999999999
0.00179,56.99999999999999
0.001795,56.99999999999999
0.0018,59.99999999999999
0.001805,59
0.00181,60.99999999999999
0.001815,63
0.00182,63
0.001825,64
0.00183,66
0.001835,66
0.00184,69
0.001845,69
0.00185,69
0.001855,72
0.00186,74
0.001865,74
0.00187,75
0.001875,76
0.00188,78
0.001885,80
0.00189,81
0.001895,81
0.0019,83.00000000000001
0.001905,85
0.00191,86
0.001915,88
0.00192,88
0.001925,89
0.00193,93
0.001935,93
0.00194,94
0.001945,95
0.00195,97
0.001955,99.99999999999999
0.00196,99.99999999999999
0.001965,99.99999999999999
0.00197,104
0.001975,105
0.00198,105
0.001985,107
0.00199,109
0.001995,111
0.002,112
0.002005,112
0.00201,116
0.002015,116
0.00202,118
0.002025,119
0.00203,120
0.002035,123
0.00204,124
0.002045,126
0.00205,126
0.002055,128
0.00206,131
0.002065,131
0.00207,132
0.002075,134
0.002079999999999999,137
0.002084999999999999,138
0.002089999999999999,138
0.002094999999999999,140
0.002099999999999999,142
0.002104999999999998,145
0.002109999999999998,143
0.002114999999999998,147
0.002119999999999998,148
0.002124999999999998,149
0.002129999999999997,151
0.002134999999999997,153
0.002139999999999997,153
0.002144999999999997,154
0.002149999999999997,158
0.002154999999999996,159
0.002159999999999996,158
0.002164999999999996,161
0.002169999999999996,163
0.002174999999999996,163
0.002179999999999995,165
0.002184999999999995,168
0.002189999999999995,167
0.002194999999999995,169
0.002199999999999994,170
0.002204999999999994,173
0.002209999999999994,174
0.002214999999999994,174
0.002219999999999994,175
0.002224999999999993,178
0.002229999999999993,179
0.002234999999999993,181
0.002239999999999993,180
0.002244999999999993,182
0.002249999999999992,184
0.002254999999999992,186
0.002259999999999992,186
0.002264999999999992,187
0.002269999999999992,188
0.002274999999999991,190
0.002279999999999991,192
0.002284999999999991,192
0.002289999999999991,192
0.002294999999999991,195
0.00229999999999999,196
0.00230499999999999,196
0.00230999999999999,197
0.00231499999999999,200
0.00231999999999999,200
0.002324999999999989,200
0.002329999999999989,201
0.002334999999999989,203
0.002339999999999989,205
0.002344999999999989,205
0.002349999999999988,205
0.002354999999999988,205
0.002359999999999988,208
0.002364999999999988,211
0.002369999999999988,208
0.002374999999999987,208
0.002379999999999987,212
0.002384999999999987,213
0.002389999999999987,212
0.002394999999999987,213
0.002399999999999986,213
0.002404999999999986,215
0.002409999999999986,217
0.002414999999999986,216
0.002419999999999986,215
0.002424999999999985,217
0.002429999999999985,220
0.002434999999999985,219
0.002439999999999985,218
0.002444999999999985,219
0.002449999999999984,221
0.002454999999999984,222
0.002459999999999984,221
0.002464999999999984,220
0.002469999999999983,223
0.002474999999999983,224
0.002479999999999983,223
0.002484999999999983,222
0.002489999999999983,224
0.002494999999999982,225
0.002499999999999982,224
0.002504999999999982,225
0.002509999999999982,225
0.002514999999999982,225
0.002519999999999981,225.9999999999999
0.002524999999999981,225
0.002529999999999981,225.9999999999999
0.002534999999999981,226.9999999999999
0.002539999999999981,225
0.00254499999999998,225.9999999999999
0.00254999999999998,228
0.00255499999999998,225.9999999999999
0.00255999999999998,225
0.00256499999999998,226.9999999999999
0.002569999999999979,226.9999999999999
0.002574999999999979,226.9999999999999
0.002579999999999979,225.9999999999999
0.002584999999999979,225
0.002589999999999979,226.9999999999999
0.002594999999999978,226.9999999999999
0.002599999999999978,225.9999999999999
0.002604999999999978,224
0.002609999999999978,225.9999999999999
0.002614999999999978,226.9999999999999
0.002619999999999977,225
0.002624999999999977,223
0.002629999999999977,224
0.002634999999999977,225.9999999999999
0.002639999999999977,225
0.002644999999999976,222
0.002649999999999976,223
0.002654999999999976,223
0.002659999999999976,223
0.002664999999999976,221
0.002669999999999975,222
0.002674999999999975,221
0.002679999999999975,220
0.002684999999999975,221
0.002689999999999975,219
0.002694999999999974,218
0.002699999999999974,219
0.002704999999999974,217
0.002709999999999974,217
0.002714999999999974,217
0.002719999999999973,216
0.002724999999999973,214
0.002729999999999973,214
0.002734999999999973,215
0.002739999999999972,212
0.002744999999999972,211
0.002749999999999972,212
0.002754999999999972,210
0.002759999999999972,210
0.002764999999999971,209
0.002769999999999971,207
0.002774999999999971,207
0.002779999999999971,206
0.002784999999999971,205
0.00278999999999997,204
0.00279499999999997,203
0.00279999999999997,203
0.00280499999999997,200
0.00280999999999997,200
0.002814999999999969,200
0.002819999999999969,199
0.002824999999999969,195
0.002829999999999969,196
0.002834999999999969,195
0.002839999999999968,195
0.002844999999999968,192
0.002849999999999968,190
0.002854999999999968,190
0.002859999999999968,191
0.002864999999999967,187
0.002869999999999967,186
0.002874999999999967,186
0.002879999999999967,184
0.002884999999999967,183
0.002889999999999966,181
0.002894999999999966,181
0.002899999999999966,180
0.002904999999999966,177
0.002909999999999966,176
0.002914999999999965,175
0.002919999999999965,175
0.002924999999999965,172
0.002929999999999965,171
0.002934999999999965,169
0.002939999999999964,169
0.002944999999999964,168
0.002949999999999964,165
0.002954999999999964,164
0.002959999999999964,163
0.002964999999999963,161
0.002969999999999963,160
0.002974999999999963,159
0.002979999999999963,158
0.002984999999999963,154
0.002989999999999962,154
0.002994999999999962,155
0.002999999999999962,152
0.003004999999999962,148
0.003009999999999961,146
0.003014999999999961,148
0.003019999999999961,149
0.003024999999999961,144
0.003029999999999961,139
0.00303499999999996,138
0.00303999999999996,143
0.00304499999999996,143
0.00304999999999996,134
0.00305499999999996,128
0.003059999999999959,133
0.003064999999999959,139
0.003069999999999959,134
0.003074999999999959,123
0.003079999999999959,121
0.003084999999999958,129
0.003089999999999958,132
0.003094999999999958,123
0.003099999999999958,114
0.003104999999999958,117
0.003109999999999957,123
0.003114999999999957,123
0.003119999999999957,113
0.003124999999999957,106
0.003129999999999957,112
0.003134999999999956,118
0.003139999999999956,113
0.003144999999999956,102
0.003149999999999956,101
0.003154999999999956,107
0.003159999999999955,111
0.003164999999999955,103
0.003169999999999955,93
0.003174999999999955,95
0.003179999999999955,103
0.003184999999999954,103
0.003189999999999954,93
0.003194999999999954,85
0.003199999999999954,90
0.003204999999999954,98
0.003209999999999953,95
0.003214999999999953,81
0.003219999999999953,81
0.003224999999999953,87.00000000000001
0.003229999999999953,90
0.003234999999999952,83.00000000000001
0.003239999999999952,76
0.003244999999999952,78
0.003249999999999952,81
0.003254999999999952,79
0.003259999999999951,74
0.003264999999999951,74
0.003269999999999951,73
0.003274999999999951,73
0.00327999999999995,71
0.00328499999999995,69
0.00328999999999995,68
0.00329499999999995,68
0.00329999999999995,66
0.003304999999999949,64
0.003309999999999949,63
0.003314999999999949,64
0.003319999999999949,61.99999999999999
0.003324999999999949,59
0.003329999999999948,58
0.003334999999999948,59.99999999999999
0.003339999999999948,56.99999999999999
0.003344999999999948,55.99999999999999
0.003349999999999948,54
0.003354999999999947,54
0.003359999999999947,54
0.003364999999999947,51.99999999999999
0.003369999999999947,51
0.003374999999999947,49.99999999999999
0.003379999999999946,48
0.003384999999999946,49.99999999999999
0.003389999999999946,47
0.003394999999999946,47
0.003399999999999946,45
0.003404999999999945,45
0.003409999999999945,45
0.003414999999999945,42
0.003419999999999945,43
0.003424999999999945,43
0.003429999999999944,41.00000000000001
0.003434999999999944,39
0.003439999999999944,41.00000000000001
0.003444999999999944,39
0.003449999999999944,38
0.003454999999999943,38
0.003459999999999943,37
0.003464999999999943,37
0.003469999999999943,36
0.003474999999999943,36
0.003479999999999942,35
0.003484999999999942,34
0.003489999999999942,34
0.003494999999999942,34
0.003499999999999942,33
0.003504999999999941,33
0.003509999999999941,33
0.003514999999999941,32
0.003519999999999941,31
0.003524999999999941,32
0.00352999999999994,31
0.00353499999999994,31
0.00353999999999994,31
0.00354499999999994,30
0.003549999999999939,31
0.003554999999999939,29
0.003559999999999939,31
0.003564999999999939,29
0.003569999999999939,30
0.003574999999999938,30
0.003579999999999938,29
0.003584999999999938,30
0.003589999999999938,29
0.003594999999999938,30
0.003599999999999937,30
0.003604999999999937,29
0.003609999999999937,30
0.003614999999999937,30
0.003619999999999937,29
0.003624999999999936,31
0.003629999999999936,30
0.003634999999999936,31
0.003639999999999936,30
0.003644999999999936,31
0.003649999999999935,32
0.003654999999999935,31
0.003659999999999935,31
0.003664999999999935,33
0.003669999999999935,32
0.003674999999999934,33
0.003679999999999934,34
0.003684999999999934,33
0.003689999999999934,34
0.003694999999999934,35
0.003699999999999933,35
0.003704999999999933,36
0.003709999999999933,36
0.003714999999999933,36
0.003719999999999933,38
0.003724999999999932,38
0.003729999999999932,38
0.003734999999999932,38
0.003739999999999932,41.00000000000001
0.003744999999999932,41.00000000000001
0.003749999999999931,41.00000000000001
0.003754999999999931,41.00000000000001
0.003759999999999931,42
0.003764999999999931,45
0.003769999999999931,45
0.00377499999999993,43
0.00377999999999993,46
0.00378499999999993,47
0.00378999999999993,48
0.00379499999999993,48
0.003799999999999929,49.99999999999999
0.003804999999999929,49
0.003809999999999929,51
0.003814999999999929,53
0.003819999999999928,54
0.003824999999999928,53
0.003829999999999928,54
0.003834999999999928,56.99999999999999
0.003839999999999928,58
0.003844999999999927,58
0.003849999999999927,59
0.003854999999999927,59.99999999999999
0.003859999999999927,60.99999999999999
0.003864999999999927,63
0.003869999999999926,65
0.003874999999999926,64
0.003879999999999926,65
0.003884999999999926,68
0.003889999999999926,69
0.003894999999999925,69
0.003899999999999925,71
0.003904999999999925,72
0.003909999999999925,73
0.003914999999999925,75
0.003919999999999924,76
0.003924999999999924,77
0.003929999999999924,78
0.003934999999999924,80
0.003939999999999924,82.00000000000001
0.003944999999999923,82.00000000000001
0.003949999999999923,83.00000000000001
0.003954999999999923,86
0.003959999999999923,86
0.003964999999999923,88
0.003969999999999922,89
0.003974999999999922,91
0.003979999999999922,92
0.003984999999999922,94
0.003989999999999922,94
0.003994999999999921,96
0.003999999999999921,99
0.004004999999999921,99
0.004009999999999921,99
0.004014999999999921,103
0.00401999999999992,105
0.00402499999999992,104
0.00402999999999992,105
0.00403499999999992,109
0.00403999999999992,110
0.004044999999999919,111
0.004049999999999919,111
0.004054999999999919,114
0.004059999999999919,117
0.004064999999999919,117
0.004069999999999918,117
0.004074999999999918,120
0.004079999999999918,122
0.004084999999999918,123
0.004089999999999917,124
0.004094999999999917,126
0.004099999999999917,128
0.004104999999999917,129
0.004109999999999917,130
0.004114999999999916,132
0.004119999999999916,133
0.004124999999999916,135
0.004129999999999916,138
0.004134999999999916,137
0.004139999999999915,139
0.004144999999999915,141
0.004149999999999915,143
0.004154999999999915,144
0.004159999999999915,146
0.004164999999999914,146
0.004169999999999914,148
0.004174999999999914,151
0.004179999999999914,152
0.004184999999999914,152
0.004189999999999913,153
0.004194999999999913,157
0.004199999999999913,158
0.004204999999999913,158
0.004209999999999913,159
0.004214999999999912,162
0.004219999999999912,164
0.004224999999999912,164
0.004229999999999912,165
0.004234999999999912,168
0.004239999999999911,168
0.004244999999999911,169
0.004249999999999911,172
0.004254999999999911,173
0.004259999999999911,173
0.00426499999999991,176
0.00426999999999991,176
0.00427499999999991,178
0.00427999999999991,180
0.00428499999999991,180
0.004289999999999909,181
0.004294999999999909,184
0.004299999999999909,184
0.004304999999999909,185
0.004309999999999909,187
0.004314999999999908,188
0.004319999999999908,189
0.004324999999999908,190
0.004329999999999908,191
0.004334999999999908,194
0.004339999999999907,193
0.004344999999999907,194
0.004349999999999907,197
0.004354999999999907,197
0.004359999999999906,197
0.004364999999999906,200
0.004369999999999906,200
0.004374999999999906,201
0.004379999999999906,202
0.004384999999999905,204
0.004389999999999905,204
0.004394999999999905,205
0.004399999999999905,205
0.004404999999999905,208
0.004409999999999904,208
0.004414999999999904,208
0.004419999999999904,208
0.004424999999999904,212
0.004429999999999904,213
0.004434999999999903,211
0.004439999999999903,210
0.004444999999999903,214
0.004449999999999903,217
0.004454999999999903,216
0.004459999999999902,213
0.004464999999999902,215
0.004469999999999902,218
0.004474999999999902,220
0.004479999999999902,219
0.004484999999999901,216
0.004489999999999901,218
0.004494999999999901,222
0.004499999999999901,222
0.004504999999999901,221
0.0045099999999999,219
0.0045149999999999,222
0.0045199999999999,224
0.0045249999999999,224
0.0045299999999999,222
0.004534999999999899,222
0.004539999999999899,224
0.004544999999999899,225.9999999999999
0.004549999999999899,225.9999999999999
0.004554999999999899,223
0.004559999999999898,224
0.004564999999999898,225.9999999999999
0.004569999999999898,226.9999999999999
0.004574999999999898,225.9999999999999
0.004579999999999898,224
0.004584999999999897,225.9999999999999
0.004589999999999897,226.9999999999999
0.004594999999999897,226.9999999999999
0.004599999999999897,225.9999999999999
0.004604999999999897,225
0.004609999999999896,226.9999999999999
0.004614999999999896,228
0.004619999999999896,225.9999999999999
0.004624999999999896,225
0.004629999999999895,225.9999999999999
0.004634999999999895,228
0.004639999999999895,226.9999999999999
0.004644999999999895,225
0.004649999999999895,224
0.004654999999999894,226.9999999999999
0.004659999999999894,226.9999999999999
0.004664999999999894,225
0.004669999999999894,223
0.004674999999999894,224
0.004679999999999893,225.9999999999999
0.004684999999999893,225.9999999999999
0.004689999999999893,223
0.004694999999999893,221
0.004699999999999893,223
0.004704999999999892,224
0.004709999999999892,224
0.004714999999999892,221
0.004719999999999892,219
0.004724999999999892,220
0.004729999999999891,223
0.004734999999999891,221
0.004739999999999891,218
0.004744999999999891,216
0.004749999999999891,219
0.00475499999999989,220
0.00475999999999989,216
0.00476499999999989,215
0.00476999999999989,214
0.00477499999999989,216
0.004779999999999889,215
0.004784999999999889,213
0.004789999999999889,211
0.004794999999999889,212
0.004799999999999889,212
0.004804999999999888,210
0.004809999999999888,208
0.004814999999999888,208
0.004819999999999888,208
0.004824999999999888,207
0.004829999999999887,206
0.004834999999999887,204
0.004839999999999887,203
0.004844999999999887,203
0.004849999999999887,203
0.004854999999999886,200
0.004859999999999886,199
0.004864999999999886,198
0.004869999999999886,199
0.004874999999999886,197
0.004879999999999885,195
0.004884999999999885,194
0.004889999999999885,193
0.004894999999999885,192
0.004899999999999884,191
0.004904999999999884,190
0.004909999999999884,189
0.004914999999999884,187
0.004919999999999884,185
0.004924999999999883,185
0.004929999999999883,185
0.004934999999999883,183
0.004939999999999883,180
0.004944999999999883,179
0.004949999999999882,179
0.004954999999999882,178
0.004959999999999882,177
0.004964999999999882,173
0.004969999999999882,173
0.004974999999999881,172
0.004979999999999881,172
0.004984999999999881,169
0.004989999999999881,166
0.004994999999999881,167
0.00499999999999988,166
0.00500499999999988,164
0.00500999999999988,162
0.00501499999999988,160
0.00501999999999988,159
0.005024999999999879,159
0.005029999999999879,157
0.005034999999999879,154
0.005039999999999879,154
0.005044999999999879,152
0.005049999999999878,150
0.005054999999999878,150
0.005059999999999878,148
0.005064999999999878,146
0.005069999999999878,145
0.005074999999999877,143
0.005079999999999877,142
0.005084999999999877,140
0.005089999999999877,139
0.005094999999999877,137
0.005099999999999876,136
0.005104999999999876,134
0.005109999999999876,134
0.005114999999999876,130
0.005119999999999876,130
0.005124999999999875,128
0.005129999999999875,127
0.005134999999999875,126
0.005139999999999875,123
0.005144999999999875,122
0.005149999999999874,121
0.005154999999999874,120
0.005159999999999874,117
0.005164999999999874,115
0.005169999999999873,116
0.005174999999999873,114
0.005179999999999873,112
0.005184999999999873,109
0.005189999999999873,108
0.005194999999999872,109
0.005199999999999872,106
0.005204999999999872,103
0.005209999999999872,103
0.005214999999999872,102
0.005219999999999871,99.99999999999999
0.005224999999999871,98
0.005229999999999871,97
0.005234999999999871,96
0.005239999999999871,94
0.00524499999999987,93
0.00524999999999987,91
0.00525499999999987,91
0.00525999999999987,88
0.00526499999999987,87.00000000000001
0.005269999999999869,85
0.005274999999999869,86
0.005279999999999869,83.00000000000001
0.005284999999999869,81
0.005289999999999869,81
0.005294999999999868,79
0.005299999999999868,78
0.005304999999999868,77
0.005309999999999868,75
0.005314999999999868,73
0.005319999999999867,74
0.005324999999999867,71
0.005329999999999867,70
0.005334999999999867,70
0.005339999999999867,67.00000000000001
0.005344999999999866,67.00000000000001
0.005349999999999866,66
0.005354999999999866,64
0.005359999999999866,61.99999999999999
0.005364999999999866,63
0.005369999999999865,60.99999999999999
0.005374999999999865,59.99999999999999
0.005379999999999865,59
0.005384999999999865,56.99999999999999
0.005389999999999865,55.99999999999999
0.005394999999999864,56.99999999999999
0.005399999999999864,54
0.005404999999999864,54
0.005409999999999864,51.99999999999999
0.005414999999999863,51.99999999999999
0.005419999999999863,51
0.005424999999999863,49
0.005429999999999863,49
0.005434999999999863,49
0.005439999999999862,47
0.005444999999999862,45
0.005449999999999862,46
0.005454999999999862,45
0.005459999999999862,44
0.005464999999999861,43
0.005469999999999861,42
0.005474999999999861,41.00000000000001
0.005479999999999861,42
0.005484999999999861,40
0.00548999999999986,39
0.00549499999999986,38
0.00549999999999986,39
0.00550499999999986,39
0.00550999999999986,36
0.005514999999999859,36
0.005519999999999859,36
0.005524999999999859,35
0.005529999999999859,36
0.005534999999999859,34
0.005539999999999858,33
0.005544999999999858,34
0.005549999999999858,34
0.005554999999999858,32
0.005559999999999858,32
0.005564999999999857,32
0.005569999999999857,32
0.005574999999999857,32
0.005579999999999857,30
0.005584999999999857,31
0.005589999999999856,31
0.005594999999999856,30
0.005599999999999856,30
0.005604999999999856,31
0.005609999999999856,29
0.005614999999999855,30
0.005619999999999855,30
0.005624999999999855,29
0.005629999999999855,30
0.005634999999999855,29
0.005639999999999854,30
0.005644999999999854,30
0.005649999999999854,29
0.005654999999999854,30
0.005659999999999854,30
0.005664999999999853,29
0.005669999999999853,30
0.005674999999999853,31
0.005679999999999853,31
0.005684999999999852,29
0.005689999999999852,31
0.005694999999999852,31
0.005699999999999852,32
0.005704999999999852,32
0.005709999999999851,31
0.005714999999999851,32
0.005719999999999851,34
0.005724999999999851,32
0.005729999999999851,34
0.00573499999999985,33
0.00573999999999985,35
0.00574499999999985,35
0.00574999999999985,35
0.00575499999999985,36
0.005759999999999849,37
0.005764999999999849,36
0.005769999999999849,37
0.005774999999999849,39
0.005779999999999849,39
0.005784999999999848,39
0.005789999999999848,40
0.005794999999999848,41.00000000000001
0.005799999999999848,41.00000000000001
0.005804999999999848,42
0.005809999999999847,44
0.005814999999999847,43
0.005819999999999847,44
0.005824999999999847,46
0.005829999999999847,47
0.005834999999999846,46
0.005839999999999846,47
0.005844999999999846,49.99999999999999
0.005849999999999846,49.99999999999999
0.005854999999999846,49.99999999999999
0.005859999999999845,51
0.005864999999999845,53
0.005869999999999845,53
0.005874999999999845,55
0.005879999999999845,55.99999999999999
0.005884999999999844,55.99999999999999
0.005889999999999844,56.99999999999999
0.005894999999999844,59
0.005899999999999844,59.99999999999999
0.005904999999999844,60.99999999999999
0.005909999999999843,60.99999999999999
0.005914999999999843,64
0.005919999999999843,64
0.005924999999999843,65
0.005929999999999843,67.00000000000001
0.005934999999999842,67.00000000000001
0.005939999999999842,70
0.005944999999999842,69
0.005949999999999842,72
0.005954999999999841,73
0.005959999999999841,73
0.005964999999999841,75
0.005969999999999841,76
0.005974999999999841,78
0.00597999999999984,80
0.00598499999999984,80
0.00598999999999984,80
0.00599499999999984,83.00000000000001
0.00599999999999984,86
0.006004999999999839,87.00000000000001
0.006009999999999839,85
0.006014999999999839,87.00000000000001
0.006019999999999839,90
0.006024999999999839,94
0.006029999999999838,93
0.006034999999999838,91
0.006039999999999838,95
0.006044999999999838,98
0.006049999999999838,99.99999999999999
0.006054999999999837,99.99999999999999
0.006059999999999837,99
0.006064999999999837,102
0.006069999999999837,106
0.006074999999999837,106
0.006079999999999836,106
0.006084999999999836,108
0.006089999999999836,110
0.006094999999999836,112
0.006099999999999836,114
0.006104999999999835,114
0.006109999999999835,115
0.006114999999999835,118
0.006119999999999835,120
0.006124999999999835,120
0.006129999999999834,121
0.006134999999999834,124
0.006139999999999834,126
0.006144999999999834,126
0.006149999999999834,128
0.006154999999999833,130
0.006159999999999833,131
0.006164999999999833,131
0.006169999999999833,135
0.006174999999999833,136
0.006179999999999832,138
0.006184999999999832,137
0.006189999999999832,140
0.006194999999999832,142
0.006199999999999832,144
0.006204999999999831,144
0.006209999999999831,146
0.006214999999999831,147
0.006219999999999831,149
0.00622499999999983,152
0.00622999999999983,152
0.00623499999999983,151
0.00623999999999983,155
0.00624499999999983,159
0.006249999999999829,158
0.006254999999999829,157
0.006259999999999829,159
0.006264999999999829,164
0.006269999999999829,166
0.006274999999999828,164
0.006279999999999828,163
0.006284999999999828,168
0.006289999999999828,171
0.006294999999999828,172
0.006299999999999827,170
0.006304999999999827,172
0.006309999999999827,175
0.006314999999999827,177
0.006319999999999827,177
0.006324999999999826,177
0.006329999999999826,180
0.006334999999999826,181
0.006339999999999826,183
0.006344999999999826,184
0.006349999999999825,184
0.006354999999999825,185
0.006359999999999825,187
0.006364999999999825,190
0.006369999999999825,190
0.006374999999999824,189
0.006379999999999824,192
0.006384999999999824,193
0.006389999999999824,195
0.006394999999999824,196
0.006399999999999823,195
0.006404999999999823,197
0.006409999999999823,199
0.006414999999999823,201
0.006419999999999823,200
0.006424999999999822,200
0.006429999999999822,202
0.006434999999999822,206
0.006439999999999822,205
0.006444999999999822,204
0.006449999999999821,205
0.006454999999999821,208
0.006459999999999821,210
0.006464999999999821,210
0.006469999999999821,207
0.00647499999999982,210
0.00647999999999982,214
0.00648499999999982,213
0.00648999999999982,212
0.006494999999999819,212
0.006499999999999819,216
0.006504999999999819,216
0.006509999999999819,216
0.006514999999999819,216
0.006519999999999818,217
0.006524999999999818,218
0.006529999999999818,219
0.006534999999999818,219
0.006539999999999818,220
0.006544999999999817,219
0.006549999999999817,221
0.006554999999999817,222
0.006559999999999817,222
0.006564999999999817,222
0.006569999999999816,221
0.006574999999999816,224
0.006579999999999816,224
0.006584999999999816,223
0.006589999999999816,224
0.006594999999999815,225
0.006599999999999815,225
0.006604999999999815,224
0.006609999999999815,225
0.006614999999999815,225.9999999999999
0.006619999999999814,225.9999999999999
0.006624999999999814,225.9999999999999
0.006629999999999814,225
0.006634999999999814,226.9999999999999
0.006639999999999814,225.9999999999999
0.006644999999999813,225.9999999999999
0.006649999999999813,226.9999999999999
0.006654999999999813,225.9999999999999
0.006659999999999813,226.9999999999999
0.006664999999999813,225.9999999999999
0.006669999999999812,225.9999999999999
0.006674999999999812,226.9999999999999
0.006679999999999812,226.9999999999999
0.006684999999999812,225
0.006689999999999812,225.9999999999999
0.006694999999999811,225.9999999999999
0.006699999999999811,226.9999999999999
0.006704999999999811,225
0.006709999999999811,224
0.006714999999999811,225.9999999999999
0.00671999999999981,225.9999999999999
0.00672499999999981,225
0.00672999999999981,223
0.00673499999999981,223
0.00673999999999981,224
0.006744999999999809,225
0.006749999999999809,223
0.006754999999999809,221
0.006759999999999809,222
0.006764999999999808,222
0.006769999999999808,222
0.006774999999999808,220
0.006779999999999808,219
0.006784999999999808,220
0.006789999999999807,220
0.006794999999999807,218
0.006799999999999807,217
0.006804999999999807,217
0.006809999999999807,218
0.006814999999999806,215
0.006819999999999806,214
0.006824999999999806,215
0.006829999999999806,215
0.006834999999999806,212
0.006839999999999805,211
0.006844999999999805,212
0.006849999999999805,211
0.006854999999999805,210
0.006859999999999805,209
0.006864999999999804,207
0.006869999999999804,207
0.006874999999999804,206
0.006879999999999804,206
0.006884999999999804,204
0.006889999999999803,203
0.006894999999999803,202
0.006899999999999803,202
0.006904999999999803,201
0.006909999999999803,198
0.006914999999999802,198
0.006919999999999802,198
0.006924999999999802,197
0.006929999999999802,194
0.006934999999999802,193
0.006939999999999801,193
0.006944999999999801,193
0.006949999999999801,190
0.006954999999999801,188
0.006959999999999801,189
0.0069649999999998,187
0.0069699999999998,185
0.0069749999999998,185
0.0069799999999998,183
0.0069849999999998,182
0.006989999999999799,180
0.006994999999999799,180
0.006999999999999799,178
0.007004999999999799,176
0.007009999999999799,176
0.007014999999999798,175
0.007019999999999798,172
0.007024999999999798,171
0.007029999999999798,170
0.007034999999999797,170
0.007039999999999797,166
0.007044999999999797,166
0.007049999999999797,165
0.007054999999999797,163
0.007059999999999796,161
0.007064999999999796,161
0.007069999999999796,159
0.007074999999999796,157
0.007079999999999796,156
0.007084999999999795,155
0.007089999999999795,152
0.007094999999999795,152
0.007099999999999795,151
0.007104999999999795,148
0.007109999999999794,146
0.007114999999999794,147
0.007119999999999794,144
0.007124999999999794,143
0.007129999999999794,141
0.007134999999999793,139
0.007139999999999793,138
0.007144999999999793,138
0.007149999999999793,135
0.007154999999999793,133
0.007159999999999792,132
0.007164999999999792,131
0.007169999999999792,129
0.007174999999999792,127
0.007179999999999792,127
0.007184999999999791,125
0.007189999999999791,123
0.007194999999999791,121
0.007199999999999791,120
0.007204999999999791,119
0.00720999999999979,118
0.00721499999999979,115
0.00721999999999979,113
0.00722499999999979,113
0.00722999999999979,112
0.007234999999999789,110
0.007239999999999789,107
0.007244999999999789,106
0.007249999999999789,107
0.007254999999999789,103
0.007259999999999788,102
0.007264999999999788,101
0.007269999999999788,99.99999999999999
0.007274999999999788,97
0.007279999999999788,96
0.007284999999999787,97
0.007289999999999787,93
0.007294999999999787,91
0.007299999999999787,91
0.007304999999999786,91
0.007309999999999786,88
0.007314999999999786,85
0.007319999999999786,86
0.007324999999999786,84
0.007329999999999785,83.00000000000001
0.007334999999999785,82.00000000000001
0.007339999999999785,78
0.007344999999999785,80
0.007349999999999785,77
0.007354999999999784,76
0.007359999999999784,75
0.007364999999999784,73
0.007369999999999784,73
0.007374999999999784,71
0.007379999999999783,70
0.007384999999999783,68
0.007389999999999783,67.00000000000001
0.007394999999999783,67.00000000000001
0.007399999999999783,66
0.007404999999999782,63
0.007409999999999782,60.99999999999999
0.007414999999999782,61.99999999999999
0.007419999999999782,63
0.007424999999999782,59
0.007429999999999781,56.99999999999999
0.007434999999999781,55.99999999999999
0.007439999999999781,58
0.007444999999999781,55.99999999999999
0.007449999999999781,54
0.00745499999999978,51.99999999999999
0.00745999999999978,51.99999999999999
0.00746499999999978,51.99999999999999
0.00746999999999978,51
0.00747499999999978,49
0.007479999999999779,48
0.007484999999999779,48
0.007489999999999779,47
0.007494999999999779,45
0.007499999999999779,45
0.007504999999999778,46
0.007509999999999778,43
0.007514999999999778,42
0.007519999999999778,41.00000000000001
0.007524999999999778,43
0.007529999999999777,41.00000000000001
0.007534999999999777,39
0.007539999999999777,38
0.007544999999999777,40
0.007549999999999777,39
0.007554999999999776,36
0.007559999999999776,36
0.007564999999999776,37
0.007569999999999776,36
0.007574999999999775,35
0.007579999999999775,34
0.007584999999999775,35
0.007589999999999775,34
0.007594999999999775,33
0.007599999999999774,32
0.007604999999999774,33
0.007609999999999774,34
0.007614999999999774,31
0.007619999999999774,30
0.007624999999999773,31
0.007629999999999773,33
0.007634999999999773,31
0.007639999999999773,29
0.007644999999999773,30
0.007649999999999772,31
0.007654999999999772,30
0.007659999999999772,30
0.007664999999999772,29
0.007669999999999772,30
0.007674999999999771,30
0.007679999999999771,29
0.007684999999999771,30
0.007689999999999771,29
0.007694999999999771,30
0.00769999999999977,29
0.00770499999999977,30
0.00770999999999977,31
0.00771499999999977,29
0.00771999999999977,29
0.007724999999999769,31
0.007729999999999769,32
0.007734999999999769,29
0.007739999999999769,30
0.007744999999999769,33
0.007749999999999768,31
0.007754999999999768,31
0.007759999999999768,32
0.007764999999999768,34
0.007769999999999768,32
0.007774999999999767,32
0.007779999999999767,34
0.007784999999999767,35
0.007789999999999767,35
0.007794999999999767,34
0.007799999999999766,35
0.007804999999999766,37
0.007809999999999766,37
0.007814999999999767,36
0.007819999999999766,37
0.007824999999999766,40
0.007829999999999766,40
0.007834999999999766,38
0.007839999999999766,39
0.007844999999999765,43
0.007849999999999765,43
0.007854999999999765,41.00000000000001
0.007859999999999765,41.00000000000001
0.007864999999999765,46
0.007869999999999764,46
0.007874999999999764,46
0.007879999999999764,44
0.007884999999999764,47
0.007889999999999764,49.99999999999999
0.007894999999999763,49.99999999999999
0.007899999999999763,49
0.007904999999999763,49.99999999999999
0.007909999999999763,53
0.007914999999999763,53
0.007919999999999762,53
0.007924999999999762,55
0.007929999999999762,56.99999999999999
0.007934999999999762,55.99999999999999
0.007939999999999761,58
0.007944999999999761,59
0.007949999999999761,59.99999999999999
0.007954999999999761,61.99999999999999
0.007959999999999761,61.99999999999999
0.00796499999999976,63
0.00796999999999976,65
0.00797499999999976,66
0.00797999999999976,67.00000000000001
0.00798499999999976,68
0.007989999999999759,69
0.007994999999999759,71
0.007999999999999759,72
0.008004999999999759,73
0.008009999999999759,75
0.008014999999999758,75
0.008019999999999758,76
0.008024999999999758,79
0.008029999999999758,80
0.008034999999999758,80
0.008039999999999757,82.00000000000001
0.008044999999999757,84
0.008049999999999757,86
0.008054999999999757,85
0.008059999999999757,87.00000000000001
0.008064999999999756,89
0.008069999999999756,92
0.008074999999999756,91
0.008079999999999756,93
0.008084999999999756,94
0.008089999999999755,96
0.008094999999999755,99
0.008099999999999755,99
0.008104999999999755,98
0.008109999999999755,103
0.008114999999999754,104
0.008119999999999754,104
0.008124999999999754,106
0.008129999999999754,108
0.008134999999999754,110
0.008139999999999753,110
0.008144999999999753,111
0.008149999999999753,114
0.008154999999999753,116
0.008159999999999753,117
0.008164999999999752,117
0.008169999999999752,119
0.008174999999999752,121
0.008179999999999752,124
0.008184999999999752,124
0.008189999999999751,125
0.008194999999999751,127
0.008199999999999751,129
0.008204999999999751,130
0.00820999999999975,132
0.00821499999999975,133
0.00821999999999975,135
0.00822499999999975,136
0.00822999999999975,137
0.008234999999999749,139
0.008239999999999749,142
0.008244999999999749,143
0.008249999999999749,142
0.008254999999999749,144
0.008259999999999748,148
0.008264999999999748,150
0.008269999999999748,149
0.008274999999999748,149
0.008279999999999748,153
0.008284999999999747,155
0.008289999999999747,156
0.008294999999999747,156
0.008299999999999747,158
0.008304999999999747,160
0.008309999999999746,162
0.008314999999999746,162
0.008319999999999746,164
0.008324999999999746,166
0.008329999999999746,166
0.008334999999999745,169
0.008339999999999745,169
0.008344999999999745,171
0.008349999999999745,173
0.008354999999999745,173
0.008359999999999744,175
0.008364999999999744,177
0.008369999999999744,177
0.008374999999999744,179
0.008379999999999744,180
0.008384999999999743,182
0.008389999999999743,182
0.008394999999999743,185
0.008399999999999743,185
0.008404999999999743,186
0.008409999999999742,187
0.008414999999999742,190
0.008419999999999742,190
0.008424999999999742,190
0.008429999999999742,193
0.008434999999999741,194
0.008439999999999741,195
0.008444999999999741,195
0.008449999999999741,196
0.008454999999999741,199
0.00845999999999974,199
0.00846499999999974,199
0.00846999999999974,201
0.00847499999999974,203
0.008479999999999739,203
0.008484999999999739,203
0.008489999999999739,205
0.008494999999999739,207
0.008499999999999739,207
0.008504999999999738,206
0.008509999999999738,209
0.008514999999999738,210
0.008519999999999738,210
0.008524999999999738,211
0.008529999999999737,211
0.008534999999999737,213
0.008539999999999737,215
0.008544999999999737,213
0.008549999999999737,214
0.008554999999999736,216
0.008559999999999736,217
0.008564999999999736,216
0.008569999999999736,218
0.008574999999999736,218
0.008579999999999735,219
0.008584999999999735,220
0.008589999999999735,219
0.008594999999999735,220
0.008599999999999735,221
0.008604999999999734,222
0.008609999999999734,223
0.008614999999999734,221
0.008619999999999734,222
0.008624999999999734,224
0.008629999999999733,224
0.008634999999999733,223
0.008639999999999733,225
0.008644999999999733,224
0.008649999999999733,225
0.008654999999999732,225
0.008659999999999732,225.9999999999999
0.008664999999999732,225
0.008669999999999732,225
0.008674999999999732,226.9999999999999
0.008679999999999731,225.9999999999999
0.008684999999999731,225.9999999999999
0.008689999999999731,225.9999999999999
0.008694999999999731,225.9999999999999
0.008699999999999731,226.9999999999999
0.00870499999999973,226.9999999999999
0.00870999999999973,225
0.00871499999999973,226.9999999999999
0.00871999999999973,226.9999999999999
0.008724999999999729,226.9999999999999
0.008729999999999729,225
0.008734999999999729,225.9999999999999
0.008739999999999729,226.9999999999999
0.008744999999999729,225.9999999999999
0.008749999999999728,225
0.008754999999999728,225
0.008759999999999728,225.9999999999999
0.008764999999999728,225.9999999999999
0.008769999999999728,224
0.008774999999999727,224
0.008779999999999727,224
0.008784999999999727,225
0.008789999999999727,223
0.008794999999999727,223
0.008799999999999726,222
0.008804999999999726,223
0.008809999999999726,223
0.008814999999999726,220
0.008819999999999726,221
0.008824999999999725,221
0.008829999999999725,219
0.008834999999999725,220
0.008839999999999725,219
0.008844999999999725,217
0.008849999999999724,218
0.008854999999999724,217
0.008859999999999724,216
0.008864999999999724,216
0.008869999999999724,215
0.008874999999999723,213
0.008879999999999723,214
0.008884999999999723,213
0.008889999999999723,211
0.008894999999999723,211
0.008899999999999722,211
0.008904999999999722,210
0.008909999999999722,207
0.008914999999999722,208
0.008919999999999722,207
0.008924999999999721,205
0.008929999999999721,205
0.008934999999999721,205
0.008939999999999721,203
0.008944999999999721,201
0.00894999999999972,200
0.00895499999999972,201
0.00895999999999972,200
0.00896499999999972,197
0.00896999999999972,196
0.008974999999999719,196
0.008979999999999719,195
0.008984999999999719,194
0.008989999999999719,191
0.008994999999999718,191
0.008999999999999718,190
0.009004999999999718,190
0.009009999999999718,187
0.009014999999999718,186
0.009019999999999717,185
0.009024999999999717,185
0.009029999999999717,182
0.009034999999999717,181
0.009039999999999717,181
0.009044999999999716,179
0.009049999999999716,176
0.009054999999999716,177
0.009059999999999716,175
0.009064999999999716,174
0.009069999999999715,172
0.009074999999999715,171
0.009079999999999715,169
0.009084999999999715,168
0.009089999999999715,167
0.009094999999999714,166
0.009099999999999714,164
0.009104999999999714,161
0.009109999999999714,162
0.009114999999999714,160
0.009119999999999713,158
0.009124999999999713,157
0.009129999999999713,155
0.009134999999999713,154
0.009139999999999713,153
0.009144999999999712,150
0.009149999999999712,150
0.009154999999999712,149
0.009159999999999712,146
0.009164999999999712,144
0.009169999999999711,144
0.009174999999999711,143
0.009179999999999711,140
0.009184999999999711,139
0.009189999999999711,138
0.00919499999999971,136
0.00919999999999971,134
0.00920499999999971,133
0.00920999999999971,133
0.00921499999999971,130
0.009219999999999709,127
0.009224999999999709,127
0.009229999999999709,127
0.009234999999999709,124
0.009239999999999709,122
0.009244999999999708,120
0.009249999999999708,121
0.009254999999999708,118
0.009259999999999708,116
0.009264999999999707,114
0.009269999999999707,114
0.009274999999999707,114
0.009279999999999707,109
0.009284999999999707,108
0.009289999999999706,108
0.009294999999999706,108
0.009299999999999706,103
0.009304999999999706,102
0.009309999999999706,103
0.009314999999999705,101
0.009319999999999705,99
0.009324999999999705,96
0.009329999999999705,96
0.009334999999999705,95
0.009339999999999704,93
0.009344999999999704,92
0.009349999999999704,90
0.009354999999999704,89
0.009359999999999704,87.00000000000001
0.009364999999999703,86
0.009369999999999703,86
0.009374999999999703,83.00000000000001
0.009379999999999703,81
0.009384999999999703,81
0.009389999999999702,80
0.009394999999999702,79
0.009399999999999702,76
0.009404999999999702,75
0.009409999999999702,74
0.009414999999999701,74
0.009419999999999701,72
0.009424999999999701,70
0.009429999999999701,69
0.009434999999999701,68
0.0094399999999997,67.00000000000001
0.0094449999999997,66
0.0094499999999997,65
0.0094549999999997,63
0.0094599999999997,60.99999999999999
0.009464999999999699,61.99999999999999
0.009469999999999699,61.99999999999999
0.009474999999999699,58
0.009479999999999699,55.99999999999999
0.009484999999999699,56.99999999999999
0.009489999999999698,58
0.009494999999999698,55
0.009499999999999698,51.99999999999999
0.009504999999999698,53
0.009509999999999698,53
0.009514999999999697,49.99999999999999
0.009519999999999697,49.99999999999999
0.009524999999999697,49.99999999999999
0.009529999999999697,48
0.009534999999999696,46
0.009539999999999696,47
0.009544999999999696,46
0.009549999999999696,45
0.009554999999999696,43
0.009559999999999695,43
0.009564999999999695,44
0.009569999999999695,41.00000000000001
0.009574999999999695,41.00000000000001
0.009579999999999695,40
0.009584999999999694,39
0.009589999999999694,40
0.009594999999999694,38
0.009599999999999694,38
0.009604999999999694,37
0.009609999999999693,36
0.009614999999999693,36
0.009619999999999693,36
0.009624999999999693,36
0.009629999999999693,34
0.009634999999999692,32
0.009639999999999692,34
0.009644999999999692,35
0.009649999999999692,34
0.009654999999999692,31
0.009659999999999691,29
0.009664999999999691,33
0.009669999999999691,34
0.009674999999999691,32
0.009679999999999691,28
0.00968499999999969,29
0.00968999999999969,32
0.00969499999999969,33
0.00969999999999969,29
0.00970499999999969,28
0.009709999999999689,29
0.009714999999999689,31
0.009719999999999689,32
0.009724999999999689,29
0.009729999999999689,26
0.009734999999999688,30
0.009739999999999688,32
0.009744999999999688,31
0.009749999999999688,28
0.009754999999999688,27
0.009759999999999687,30
0.009764999999999687,33
0.009769999999999687,32
0.009774999999999687,28
0.009779999999999687,27
0.009784999999999686,32
0.009789999999999686,35
0.009794999999999686,32
0.009799999999999686,27
0.009804999999999685,30
0.009809999999999685,35
0.009814999999999685,36
0.009819999999999685,32
0.009824999999999685,29
0.009829999999999684,33
0.009834999999999684,39
0.009839999999999684,37
0.009844999999999684,31
0.009849999999999684,32
0.009854999999999683,39
0.009859999999999683,42
0.009864999999999683,36
0.009869999999999683,33
0.009874999999999683,38
0.009879999999999682,43
0.009884999999999682,43
0.009889999999999682,38
0.009894999999999682,37
0.009899999999999682,43
0.009904999999999681,48
0.009909999999999681,44
0.009914999999999681,40
0.009919999999999681,43
0.009924999999999681,49
0.00992999999999968,49.99999999999999
0.00993499999999968,46
0.00993999999999968,46
0.00994499999999968,49
0.00994999999999968,53
0.009954999999999679,53
0.009959999999999679,51
0.009964999999999679,51
0.009969999999999679,54
0.009974999999999679,58
0.009979999999999678,56.99999999999999
0.009984999999999678,55
0.009989999999999678,58
0.009994999999999678,59.99999999999999
0.009999999999999678,61.99999999999999
0.01000499999999968,61.99999999999999
0.01000999999999968,60.99999999999999
0.01001499999999968,63
0.01001999999999968,67.00000000000001
0.01002499999999968,67.00000000000001
0.01002999999999968,66
0.01003499999999968,68
0.01003999999999968,72
0.01004499999999968,70
0.01004999999999968,72
0.01005499999999968,74
0.01005999999999968,76
0.01006499999999967,75
0.01006999999999967,77
0.01007499999999967,79
0.01007999999999967,80
0.01008499999999967,82.00000000000001
0.01008999999999967,83.00000000000001
0.01009499999999967,83.00000000000001
0.01009999999999967,85
0.01010499999999967,88
0.01010999999999967,88
0.01011499999999967,89
0.01011999999999967,91
0.01012499999999967,92
0.01012999999999967,95
0.01013499999999967,94
0.01013999999999967,97
0.01014499999999967,98
0.01014999999999967,99.99999999999999
0.01015499999999967,99.99999999999999
0.01015999999999967,102
0.01016499999999967,105
0.01016999999999967,106
0.01017499999999967,105
0.01017999999999967,108
0.01018499999999967,111
0.01018999999999967,112
0.01019499999999967,111
0.01019999999999967,115
0.01020499999999967,115
0.01020999999999967,118
0.01021499999999967,119
0.01021999999999967,119
0.01022499999999967,122
0.01022999999999967,124
0.01023499999999967,125
0.01023999999999967,125
0.01024499999999967,127
0.01024999999999967,131
0.01025499999999967,131
0.01025999999999967,131
0.01026499999999967,134
0.01026999999999967,136
0.01027499999999967,136
0.01027999999999967,139
0.01028499999999967,139
0.01028999999999967,142
0.01029499999999967,143
0.01029999999999967,144
0.01030499999999967,145
0.01030999999999966,148
0.01031499999999966,149
0.01031999999999966,149
0.01032499999999966,153
0.01032999999999966,153
0.01033499999999966,154
0.01033999999999966,156
0.01034499999999966,159
0.01034999999999966,157
0.01035499999999966,160
0.01035999999999966,163
0.01036499999999966,163
0.01036999999999966,164
0.01037499999999966,167
0.01037999999999966,167
0.01038499999999966,168
0.01038999999999966,171
0.01039499999999966,171
0.01039999999999966,173
0.01040499999999966,174
0.01040999999999966,176
0.01041499999999966,177
0.01041999999999966,178
0.01042499999999966,179
0.01042999999999966,181
0.01043499999999966,182
0.01043999999999966,183
0.01044499999999966,184
0.01044999999999966,187
0.01045499999999966,187
0.01045999999999966,187
0.01046499999999966,189
0.01046999999999966,191
0.01047499999999966,192
0.01047999999999966,193
0.01048499999999966,193
0.01048999999999966,195
0.01049499999999966,197
0.01049999999999966,198
0.01050499999999966,197
0.01050999999999966,199
0.01051499999999966,201
0.01051999999999966,202
0.01052499999999966,202
0.01052999999999966,203
0.01053499999999966,204
0.01053999999999966,205
0.01054499999999966,207
0.01054999999999966,208
0.01055499999999965,207
0.01055999999999965,208
0.01056499999999965,211
0.01056999999999965,210
0.01057499999999965,212
0.01057999999999965,212
0.01058499999999965,212
0.01058999999999965,214
0.01059499999999965,215
0.01059999999999965,215
0.01060499999999965,215
0.01060999999999965,217
0.01061499999999965,218
0.01061999999999965,218
0.01062499999999965,217
0.01062999999999965,219
0.01063499999999965,220
0.01063999999999965,221
0.01064499999999965,220
0.01064999999999965,220
0.01065499999999965,222
0.01065999999999965,223
0.01066499999999965,223
0.01066999999999965,222
0.01067499999999965,223
0.01067999999999965,223
0.01068499999999965,225
0.01068999999999965,225
0.01069499999999965,225
0.01069999999999965,223
0.01070499999999965,225
0.01070999999999965,226.9999999999999
0.01071499999999965,226.9999999999999
0.01071999999999965,224
0.01072499999999965,224
0.01072999999999965,228
0.01073499999999965,228
0.01073999999999965,225
0.01074499999999965,225
0.01074999999999965,226.9999999999999
0.01075499999999965,226.9999999999999
0.01075999999999965,226.9999999999999
0.01076499999999965,225.9999999999999
0.01076999999999965,225
0.01077499999999965,228
0.01077999999999965,225.9999999999999
0.01078499999999965,225.9999999999999
0.01078999999999965,225.9999999999999
0.01079499999999965,225
0.01079999999999964,226.9999999999999
0.01080499999999964,225
0.01080999999999964,225
0.01081499999999964,225
0.01081999999999964,224
0.01082499999999964,225
0.01082999999999964,225
0.01083499999999964,223
0.01083999999999964,223
0.01084499999999964,223
0.01084999999999964,223
0.01085499999999964,222
0.01085999999999964,221
0.01086499999999964,222
0.01086999999999964,221
0.01087499999999964,219
0.01087999999999964,220
0.01088499999999964,219
0.01088999999999964,219
0.01089499999999964,218
0.01089999999999964,216
0.01090499999999964,217
0.01090999999999964,217
0.01091499999999964,215
0.01091999999999964,214
0.01092499999999964,214
0.01092999999999964,213
0.01093499999999964,212
0.01093999999999964,212
0.01094499999999964,210
0.01094999999999964,210
0.01095499999999964,210
0.01095999999999964,208
0.01096499999999964,206
0.01096999999999964,206
0.01097499999999964,207
0.01097999999999964,205
0.01098499999999964,202
0.01098999999999964,202
0.01099499999999964,202
0.01099999999999964,202
0.01100499999999964,198
0.01100999999999964,198
0.01101499999999964,199
0.01101999999999964,196
0.01102499999999964,194
0.01102999999999964,195
0.01103499999999964,193
0.01103999999999964,191
0.01104499999999963,191
0.01104999999999963,190
0.01105499999999963,188
0.01105999999999963,187
0.01106499999999963,185
0.01106999999999963,186
0.01107499999999963,183
0.01107999999999963,182
0.01108499999999963,181
0.01108999999999963,180
0.01109499999999963,177
0.01109999999999963,178
0.01110499999999963,176
0.01110999999999963,174
0.01111499999999963,173
0.01111999999999963,171
0.01112499999999963,171
0.01112999999999963,170
0.01113499999999963,166
0.01113999999999963,166
0.01114499999999963,166
0.01114999999999963,164
0.01115499999999963,162
0.01115999999999963,159
0.01116499999999963,159
0.01116999999999963,158
0.01117499999999963,158
0.01117999999999963,155
0.01118499999999963,151
0.01118999999999963,151
0.01119499999999963,152
0.01119999999999963,151
0.01120499999999963,147
0.01120999999999963,144
0.01121499999999963,143
0.01121999999999963,145
0.01122499999999963,143
0.01122999999999963,140
0.01123499999999963,136
0.01123999999999963,136
0.01124499999999963,138
0.01124999999999963,136
0.01125499999999963,131
0.01125999999999963,128
0.01126499999999963,129
0.01126999999999963,132
0.01127499999999963,128
0.01127999999999963,122
0.01128499999999963,120
0.01128999999999962,124
0.01129499999999962,124
0.01129999999999962,119
0.01130499999999962,114
0.01130999999999962,113
0.01131499999999962,117
0.01131999999999962,117
0.01132499999999962,111
0.01132999999999962,106
0.01133499999999962,107
0.01133999999999962,110
0.01134499999999962,109
0.01134999999999962,102
0.01135499999999962,98
0.01135999999999962,101
0.01136499999999962,105
0.01136999999999962,99.99999999999999
0.01137499999999962,92
0.01137999999999962,92
0.01138499999999962,97
0.01138999999999962,97
0.01139499999999962,90
0.01139999999999962,85
0.01140499999999962,88
0.01140999999999962,91
0.01141499999999962,87.00000000000001
0.01141999999999962,81
0.01142499999999962,81
0.01142999999999962,83.00000000000001
0.01143499999999962,83.00000000000001
0.01143999999999962,79
0.01144499999999962,75
0.01144999999999962,74
0.01145499999999962,78
0.01145999999999962,76
0.01146499999999962,71
0.01146999999999962,69
0.01147499999999962,70
0.01147999999999962,71
0.01148499999999962,69
0.01148999999999962,65
0.01149499999999962,63
0.01149999999999962,64
0.01150499999999962,66
0.01150999999999962,61.99999999999999
0.01151499999999962,58
0.01151999999999962,59.99999999999999
0.01152499999999962,59.99999999999999
0.01152999999999962,56.99999999999999
0.01153499999999962,55.99999999999999
0.01153999999999961,55.99999999999999
0.01154499999999961,54
0.01154999999999961,53
0.01155499999999961,53
0.01155999999999961,51.99999999999999
0.01156499999999961,49.99999999999999
0.01156999999999961,49
0.01157499999999961,49.99999999999999
0.01157999999999961,47
0.01158499999999961,47
0.01158999999999961,46
0.01159499999999961,45
0.01159999999999961,45
0.01160499999999961,44
0.01160999999999961,42
0.01161499999999961,43
0.01161999999999961,41.00000000000001
0.01162499999999961,41.00000000000001
0.01162999999999961,40
0.01163499999999961,39
0.01163999999999961,39
0.01164499999999961,38
0.01164999999999961,38
0.01165499999999961,36
0.01165999999999961,37
0.01166499999999961,36
0.01166999999999961,35
0.01167499999999961,34
0.01167999999999961,35
0.01168499999999961,34
0.01168999999999961,34
0.01169499999999961,32
0.01169999999999961,32
0.01170499999999961,34
0.01170999999999961,31
0.01171499999999961,31
0.01171999999999961,32
0.01172499999999961,31
0.01172999999999961,31
0.01173499999999961,30
0.01173999999999961,31
0.01174499999999961,29
0.01174999999999961,31
0.01175499999999961,30
0.01175999999999961,29
0.01176499999999961,30
0.01176999999999961,30
0.01177499999999961,30
0.01177999999999961,28
0.0117849999999996,30
0.0117899999999996,31
0.0117949999999996,28
0.0117999999999996,30
0.0118049999999996,30
0.0118099999999996,30
0.0118149999999996,30
0.0118199999999996,31
0.0118249999999996,29
0.0118299999999996,31
0.0118349999999996,31
0.0118399999999996,31
0.0118449999999996,32
0.0118499999999996,31
0.0118549999999996,31
0.0118599999999996,33
0.0118649999999996,34
0.0118699999999996,33
0.0118749999999996,32
0.0118799999999996,34
0.0118849999999996,35
0.0118899999999996,35
0.0118949999999996,36
0.0118999999999996,35
0.0119049999999996,37
0.0119099999999996,37
0.0119149999999996,37
0.0119199999999996,39
0.0119249999999996,39
0.0119299999999996,39
0.0119349999999996,40
0.0119399999999996,42
0.0119449999999996,41.00000000000001
0.0119499999999996,42
0.0119549999999996,44
0.0119599999999996,43
0.0119649999999996,45
0.0119699999999996,46
0.0119749999999996,46
0.0119799999999996,46
0.0119849999999996,49
0.0119899999999996,49.99999999999999
0.0119949999999996,49
0.0119999999999996,49.99999999999999
0.0120049999999996,51.99999999999999
0.0120099999999996,54
0.0120149999999996,53
0.0120199999999996,54
0.0120249999999996,55.99999999999999
0.01202999999999959,56.99999999999999
0.01203499999999959,56.99999999999999
0.01203999999999959,59
0.01204499999999959,60.99999999999999
0.01204999999999959,60.99999999999999
0.01205499999999959,60.99999999999999
0.01205999999999959,63
0.01206499999999959,65
0.01206999999999959,67.00000000000001
0.01207499999999959,66
0.01207999999999959,66
0.01208499999999959,70
0.01208999999999959,72
0.01209499999999959,72
0.01209999999999959,71
0.01210499999999959,73
0.01210999999999959,77
0.01211499999999959,78
0.01211999999999959,77
0.01212499999999959,78
0.01212999999999959,80
0.01213499999999959,84
0.01213999999999959,84
0.01214499999999959,83.00000000000001
0.01214999999999959,85
0.01215499999999959,88
0.01215999999999959,90
0.01216499999999959,89
0.01216999999999959,91
0.01217499999999959,94
0.01217999999999959,95
0.01218499999999959,94
0.01218999999999959,97
0.01219499999999959,99.99999999999999
0.01219999999999959,99.99999999999999
0.01220499999999959,101
0.01220999999999959,102
0.01221499999999959,105
0.01221999999999959,107
0.01222499999999959,107
0.01222999999999959,108
0.01223499999999959,110
0.01223999999999959,113
0.01224499999999959,113
0.01224999999999959,114
0.01225499999999959,117
0.01225999999999959,118
0.01226499999999959,119
0.01226999999999959,121
0.01227499999999958,122
0.01227999999999958,124
0.01228499999999958,125
0.01228999999999958,127
0.01229499999999958,128
0.01229999999999958,131
0.01230499999999958,131
0.01230999999999958,132
0.01231499999999958,135
0.01231999999999958,136
0.01232499999999958,138
0.01232999999999958,138
0.01233499999999958,140
0.01233999999999958,142
0.01234499999999958,145
0.01234999999999958,144
0.01235499999999958,145
0.01235999999999958,149
0.01236499999999958,150
0.01236999999999958,150
0.01237499999999958,152
0.01237999999999958,154
0.01238499999999958,155
0.01238999999999958,157
0.01239499999999958,158
0.01239999999999958,160
0.01240499999999958,161
0.01240999999999958,162
0.01241499999999958,163
0.01241999999999958,166
0.01242499999999958,166
0.01242999999999958,168
0.01243499999999958,170
0.01243999999999958,171
0.01244499999999958,171
0.01244999999999958,173
0.01245499999999958,175
0.01245999999999958,177
0.01246499999999958,177
0.01246999999999958,178
0.01247499999999958,180
0.01247999999999958,182
0.01248499999999958,183
0.01248999999999958,183
0.01249499999999958,184
0.01249999999999958,187
0.01250499999999958,188
0.01250999999999958,188
0.01251499999999958,190
0.01251999999999957,191
0.01252499999999957,192
0.01252999999999957,193
0.01253499999999957,195
0.01253999999999957,196
0.01254499999999957,196
0.01254999999999957,197
0.01255499999999957,198
0.01255999999999957,201
0.01256499999999957,201
0.01256999999999957,202
0.01257499999999957,202
0.01257999999999957,203
0.01258499999999957,205
0.01258999999999957,207
0.01259499999999957,206
0.01259999999999957,207
0.01260499999999957,208
0.01260999999999957,210
0.01261499999999957,211
0.01261999999999957,210
0.01262499999999957,211
0.01262999999999957,212
0.01263499999999957,214
0.01263999999999957,215
0.01264499999999957,215
0.01264999999999957,214
0.01265499999999957,215
0.01265999999999957,218
0.01266499999999957,219
0.01266999999999957,218
0.01267499999999957,216
0.01267999999999957,219
0.01268499999999957,222
0.01268999999999957,222
0.01269499999999957,219
0.01269999999999957,218
0.01270499999999957,223
0.01270999999999957,225.9999999999999
0.01271499999999957,223
0.01271999999999957,220
0.01272499999999957,221
0.01272999999999957,226.9999999999999
0.01273499999999957,226.9999999999999
0.01273999999999957,222
0.01274499999999957,222
0.01274999999999957,225.9999999999999
0.01275499999999957,228
0.01275999999999957,225.9999999999999
0.01276499999999956,223
0.01276999999999956,225
0.01277499999999956,228
0.01277999999999956,226.9999999999999
0.01278499999999956,225
0.01278999999999956,225.9999999999999
0.01279499999999956,225.9999999999999
0.01279999999999956,228
0.01280499999999956,225.9999999999999
0.01280999999999956,225.9999999999999
0.01281499999999956,225.9999999999999
0.01281999999999956,226.9999999999999
0.01282499999999956,226.9999999999999
0.01282999999999956,225
0.01283499999999956,225.9999999999999
0.01283999999999956,226.9999999999999
0.01284499999999956,225.9999999999999
0.01284999999999956,224
0.01285499999999956,225.9999999999999
0.01285999999999956,225.9999999999999
0.01286499999999956,224
0.01286999999999956,224
0.01287499999999956,225
0.01287999999999956,224
0.01288499999999956,224
0.01288999999999956,223
0.01289499999999956,222
0.01289999999999956,222
0.01290499999999956,223
0.01290999999999956,222
0.01291499999999956,220
0.01291999999999956,220
0.01292499999999956,221
0.01292999999999956,220
0.01293499999999956,218
0.01293999999999956,217
0.01294499999999956,218
0.01294999999999956,219
0.01295499999999956,216
0.01295999999999956,214
0.01296499999999956,215
0.01296999999999956,215
0.01297499999999956,214
0.01297999999999956,212
0.01298499999999956,212
0.01298999999999956,211
0.01299499999999956,211
0.01299999999999956,209
0.01300499999999956,209
0.01300999999999955,208
0.01301499999999955,206
0.01301999999999955,206
0.01302499999999955,206
0.01302999999999955,204
0.01303499999999955,202
0.01303999999999955,203
0.01304499999999955,201
0.01304999999999955,200
0.01305499999999955,199
0.01305999999999955,199
0.01306499999999955,196
0.01306999999999955,195
0.01307499999999955,196
0.01307999999999955,194
0.01308499999999955,192
0.01308999999999955,191
0.01309499999999955,190
0.01309999999999955,190
0.01310499999999955,187
0.01310999999999955,187
0.01311499999999955,185
0.01311999999999955,184
0.01312499999999955,184
0.01312999999999955,182
0.01313499999999955,179
0.01313999999999955,178
0.01314499999999955,179
0.01314999999999955,178
0.01315499999999955,174
0.01315999999999955,173
0.01316499999999955,173
0.01316999999999955,172
0.01317499999999955,169
0.01317999999999955,168
0.01318499999999955,167
0.01318999999999955,167
0.01319499999999955,164
0.01319999999999955,162
0.01320499999999955,161
0.01320999999999955,160
0.01321499999999955,160
0.01321999999999955,157
0.01322499999999955,154
0.01322999999999955,154
0.01323499999999955,154
0.01323999999999955,152
0.01324499999999955,149
0.01324999999999955,148
0.01325499999999954,147
0.01325999999999954,145
0.01326499999999954,145
0.01326999999999954,142
0.01327499999999954,140
0.01327999999999954,140
0.01328499999999954,138
0.01328999999999954,136
0.01329499999999954,135
0.01329999999999954,133
0.01330499999999954,133
0.01330999999999954,129
0.01331499999999954,130
0.01331999999999954,127
0.01332499999999954,126
0.01332999999999954,124
0.01333499999999954,123
0.01333999999999954,121
0.01334499999999954,121
0.01334999999999954,118
0.01335499999999954,116
0.01335999999999954,114
0.01336499999999954,115
0.01336999999999954,114
0.01337499999999954,111
0.01337999999999954,107
0.01338499999999954,108
0.01338999999999954,107
0.01339499999999954,106
0.01339999999999954,103
0.01340499999999954,101
0.01340999999999954,101
0.01341499999999954,99
0.01341999999999954,98
0.01342499999999954,96
0.01342999999999954,95
0.01343499999999954,93
0.01343999999999954,92
0.01344499999999954,91
0.01344999999999954,89
0.01345499999999954,88
0.01345999999999954,86
0.01346499999999954,85
0.01346999999999954,83.00000000000001
0.01347499999999954,83.00000000000001
0.01347999999999954,82.00000000000001
0.01348499999999954,79
0.01348999999999954,78
0.01349499999999954,77
0.01349999999999953,76
0.01350499999999953,75
0.01350999999999953,73
0.01351499999999953,71
0.01351999999999953,72
0.01352499999999953,69
0.01352999999999953,68
0.01353499999999953,68
0.01353999999999953,66
0.01354499999999953,64
0.01354999999999953,64
0.01355499999999953,63
0.01355999999999953,59.99999999999999
0.01356499999999953,60.99999999999999
0.01356999999999953,59.99999999999999
0.01357499999999953,58
0.01357999999999953,55.99999999999999
0.01358499999999953,55.99999999999999
0.01358999999999953,55.99999999999999
0.01359499999999953,54
0.01359999999999953,53
0.01360499999999953,51
0.01360999999999953,51.99999999999999
0.01361499999999953,49.99999999999999
0.01361999999999953,49
0.01362499999999953,49
0.01362999999999953,47
0.01363499999999953,46
0.01363999999999953,47
0.01364499999999953,45
0.01364999999999953,43
0.01365499999999953,43
0.01365999999999953,44
0.01366499999999953,42
0.01366999999999953,40
0.01367499999999953,40
0.01367999999999953,41.00000000000001
0.01368499999999953,39
0.01368999999999953,38
0.01369499999999953,38
0.01369999999999953,37
0.01370499999999953,37
0.01370999999999953,36
0.01371499999999953,36
0.01371999999999953,34
0.01372499999999953,35
0.01372999999999953,35
0.01373499999999953,33
0.01373999999999953,32
0.01374499999999952,34
0.01374999999999952,33
0.01375499999999952,32
0.01375999999999952,31
0.01376499999999952,32
0.01376999999999952,31
0.01377499999999952,31
0.01377999999999952,30
0.01378499999999952,31
0.01378999999999952,31
0.01379499999999952,30
0.01379999999999952,29
0.01380499999999952,30
0.01380999999999952,30
0.01381499999999952,30
0.01381999999999952,29
0.01382499999999952,29
0.01382999999999952,30
0.01383499999999952,31
0.01383999999999952,28
0.01384499999999952,29
0.01384999999999952,31
0.01385499999999952,30
0.01385999999999952,30
0.01386499999999952,29
0.01386999999999952,31
0.01387499999999952,30
0.01387999999999952,31
0.01388499999999952,31
0.01388999999999952,31
0.01389499999999952,32
0.01389999999999952,31
0.01390499999999952,33
0.01390999999999952,32
0.01391499999999952,33
0.01391999999999952,33
0.01392499999999952,34
0.01392999999999952,34
0.01393499999999952,34
0.01393999999999952,36
0.01394499999999952,35
0.01394999999999952,37
0.01395499999999952,36
0.01395999999999952,37
0.01396499999999952,38
0.01396999999999952,40
0.01397499999999952,38
0.01397999999999952,39
0.01398499999999952,41.00000000000001
0.01398999999999951,42
0.01399499999999951,41.00000000000001
0.01399999999999951,43
0.01400499999999951,44
0.01400999999999951,43
0.01401499999999951,46
0.01401999999999951,45
0.01402499999999951,47
0.01402999999999951,48
0.01403499999999951,48
0.01403999999999951,49
0.01404499999999951,51
0.01404999999999951,49.99999999999999
0.01405499999999951,53
0.01405999999999951,53
0.01406499999999951,54
0.01406999999999951,55
0.01407499999999951,55.99999999999999
0.01407999999999951,58
0.01408499999999951,56.99999999999999
0.01408999999999951,59.99999999999999
0.01409499999999951,59.99999999999999
0.01409999999999951,60.99999999999999
0.01410499999999951,64
0.01410999999999951,63
0.01411499999999951,64
0.01411999999999951,67.00000000000001
0.01412499999999951,67.00000000000001
0.01412999999999951,68
0.01413499999999951,69
0.01413999999999951,72
0.01414499999999951,72
0.01414999999999951,73
0.01415499999999951,74
0.01415999999999951,77
0.01416499999999951,77
0.01416999999999951,78
0.01417499999999951,79
0.01417999999999951,82.00000000000001
0.01418499999999951,84
0.01418999999999951,82.00000000000001
0.01419499999999951,84
0.01419999999999951,88
0.01420499999999951,89
0.01420999999999951,88
0.01421499999999951,90
0.01421999999999951,92
0.01422499999999951,95
0.01422999999999951,95
0.0142349999999995,95
0.0142399999999995,97
0.0142449999999995,99.99999999999999
0.0142499999999995,102
0.0142549999999995,101
0.0142599999999995,103
0.0142649999999995,105
0.0142699999999995,107
0.0142749999999995,109
0.0142799999999995,108
0.0142849999999995,111
0.0142899999999995,112
0.0142949999999995,115
0.0142999999999995,116
0.0143049999999995,116
0.0143099999999995,117
0.0143149999999995,120
0.0143199999999995,124
0.0143249999999995,123
0.0143299999999995,122
0.0143349999999995,126
0.0143399999999995,128
0.0143449999999995,131
0.0143499999999995,129
0.0143549999999995,131
0.0143599999999995,134
0.0143649999999995,135
0.0143699999999995,137
0.0143749999999995,138
0.0143799999999995,139
0.0143849999999995,141
0.0143899999999995,143
0.0143949999999995,143
0.0143999999999995,146
0.0144049999999995,148
0.0144099999999995,148
0.0144149999999995,148
0.0144199999999995,152
0.0144249999999995,155
0.0144299999999995,154
0.0144349999999995,154
0.0144399999999995,157
0.0144449999999995,160
0.0144499999999995,161
0.0144549999999995,160
0.0144599999999995,162
0.0144649999999995,165
0.0144699999999995,167
0.0144749999999995,167
0.0144799999999995,167
0.01448499999999949,170
0.01448999999999949,172
0.01449499999999949,173
0.01449999999999949,173
0.01450499999999949,175
0.01450999999999949,177
0.01451499999999949,179
0.01451999999999949,178
0.01452499999999949,180
0.01452999999999949,183
0.01453499999999949,183
0.01453999999999949,183
0.01454499999999949,186
0.01454999999999949,187
0.01455499999999949,188
0.01455999999999949,189
0.01456499999999949,189
0.01456999999999949,193
0.01457499999999949,193
0.01457999999999949,192
0.01458499999999949,195
0.01458999999999949,197
0.01459499999999949,197
0.01459999999999949,198
0.01460499999999949,198
0.01460999999999949,201
0.01461499999999949,202
0.01461999999999949,202
0.01462499999999949,202
0.01462999999999949,204
0.01463499999999949,206
0.01463999999999949,207
0.01464499999999949,206
0.01464999999999949,206
0.01465499999999949,210
0.01465999999999949,211
0.01466499999999949,210
0.01466999999999949,210
0.01467499999999949,212
0.01467999999999949,213
0.01468499999999949,215
0.01468999999999949,214
0.01469499999999949,213
0.01469999999999949,216
0.01470499999999949,218
0.01470999999999949,217
0.01471499999999949,217
0.01471999999999949,218
0.01472499999999949,219
0.01472999999999948,220
0.01473499999999948,219
0.01473999999999948,221
0.01474499999999948,222
0.01474999999999948,220
0.01475499999999948,222
0.01475999999999948,223
0.01476499999999948,223
0.01476999999999948,224
0.01477499999999948,222
0.01477999999999948,224
0.01478499999999948,225
0.01478999999999948,225
0.01479499999999948,225
0.01479999999999948,224
0.01480499999999948,225
0.01480999999999948,226.9999999999999
0.01481499999999948,225.9999999999999
0.01481999999999948,225
0.01482499999999948,225
0.01482999999999948,226.9999999999999
0.01483499999999948,228
0.01483999999999948,225.9999999999999
0.01484499999999948,224
0.01484999999999948,226.9999999999999
0.01485499999999948,228
0.01485999999999948,226.9999999999999
0.01486499999999948,225
0.01486999999999948,225.9999999999999
0.01487499999999948,226.9999999999999
0.01487999999999948,225.9999999999999
0.01488499999999948,225.9999999999999
0.01488999999999948,225.9999999999999
0.01489499999999948,225
0.01489999999999948,225.9999999999999
0.01490499999999948,225.9999999999999
0.01490999999999948,224
0.01491499999999948,225
0.01491999999999948,225
0.01492499999999948,223
0.01492999999999948,224
0.01493499999999948,224
0.01493999999999948,223
0.01494499999999948,222
0.01494999999999948,223
0.01495499999999948,222
0.01495999999999948,220
0.01496499999999948,221
0.01496999999999948,221
0.01497499999999947,220
0.01497999999999947,219
0.01498499999999947,218
0.01498999999999947,218
0.01499499999999947,218
0.01499999999999947,216
