spectrum_Out X,spectrum_Out Y,spectrum_vin X,spectrum_vin Y,spectrum_ve X,spectrum_ve Y
0,42.14426566078348,0,-296.8345637720848,0,-113.4070379048353
195.3125,-64.13068408367543,195.3125,-288.9408559285258,195.3125,-117.3317228509498
390.6250000000001,-59.13571446866974,390.6250000000001,-285.561036087349,390.6250000000001,-112.3367532416437
585.9375000000001,-60.33385463482111,585.9375000000001,-282.9652707745591,585.9375000000001,-113.5348933753441
781.2500000000001,-58.10986129601357,781.2500000000001,-280.1833955581473,781.2500000000001,-111.3109000483062
976.5625000000001,-73.84108558989092,976.5625000000001,-274.6502844933691,976.5625000000001,-127.0421243296197
1171.875,-56.73275507895916,1171.875,-266.1373827127469,1171.875,-109.9337938920163
1367.1875,39.22882848043163,1367.1875,-13.97940008672027,1367.1875,-38.41241795258149
1562.5,-70.92676305885809,1562.5,-265.2819063019085,1562.5,-124.1278021307871
1757.8125,-62.3871464796554,1757.8125,-272.538528692877,1757.8125,-115.5881851399173
1953.125,-50.03102690801275,1953.125,-276.4498237177687,1953.125,-103.2320656909358
2148.4375,-52.38116605006386,2148.4375,-278.0836641829298,2148.4375,-105.5822048333647
2343.75,-46.84745861722482,2343.75,-279.4148813705746,2343.75,-100.0484973811451
2539.0625,-55.76539999650814,2539.0625,-281.0910744392997,2539.0625,-108.9664387497411
2734.375,-51.192927871018,2734.375,-282.4366894516422,2734.375,-104.3939666297129
2929.6875,-65.1286887201736,2929.6875,-283.1890336686463,2929.6875,-118.3297274393193
3125,-49.53587439982131,3125,-283.9052733725619,3125,-102.736913158356
3320.3125,-49.9139356705161,3320.3125,-284.8182565147551,3320.3125,-103.1149744323584
3515.625,-49.21132474467005,3515.625,-285.6120720077026,3515.625,-102.4123635070144
3710.9375,-48.6680312705148,3710.9375,-286.1637205872152,3710.9375,-101.8690700372317
3906.25,-56.14866433776499,3906.25,-286.6049703133761,3906.25,-109.3497031148861
4101.562500000001,-45.05931584439338,4101.562500000001,-287.2817957379457,4101.562500000001,-98.26035460772621
4296.875000000001,-47.87430733388896,4296.875000000001,-287.8569535620317,4296.875000000001,-101.0753460972853
4492.187500000001,-58.41418948980171,4492.187500000001,-288.2304590401175,4492.187500000001,-111.6152282579363
4687.500000000001,-59.12400295601941,4687.500000000001,-288.6175816456173,4687.500000000001,-112.325041711633
4882.812500000001,-45.25661247178703,4882.812500000001,-289.0799594003332,4882.812500000001,-98.45765123874791
5078.125000000001,-38.5038776920928,5078.125000000001,-289.5434979789025,5078.125000000001,-91.70491645852023
5273.437500000001,-59.76798202292358,5273.437500000001,-289.8939952355096,5273.437500000001,-112.9690207900072
5468.750000000001,-47.63973283973644,5468.750000000001,-290.171828947936,5468.750000000001,-100.8407716048736
5664.062500000001,-61.10898477254493,5664.062500000001,-290.5635672550643,5664.062500000001,-114.3100235478936
5859.375000000001,-49.43280010834789,5859.375000000001,-290.9768377355202,5859.375000000001,-102.6338388718007
6054.687500000001,-51.7780209247812,6054.687500000001,-291.225491415028,6054.687500000001,-104.9790596942415
6250.000000000001,-49.91518993698,6250.000000000001,-291.5110246048949,6250.000000000001,-103.1162287030784
6445.312500000001,-51.92074635348693,6445.312500000001,-291.8371417983024,6445.312500000001,-105.1217851159467
6640.625000000001,-50.97746056929467,6640.625000000001,-292.1349690016091,6640.625000000001,-104.1784993388772
6835.937500000001,-49.25668226125999,6835.937500000001,-292.4063297262858,6835.937500000001,-102.4577210286565
7031.250000000001,-47.02162659378719,7031.250000000001,-292.5720551499084,7031.250000000001,-100.2226653618207
7226.562500000001,-54.55847741521734,7226.562500000001,-292.9225945433402,7226.562500000001,-107.7595161783118
7421.875000000001,-50.6235180434826,7421.875000000001,-293.212468390764,7421.875000000001,-103.8245568094772
7617.187500000001,-43.9389616781894,7617.187500000001,-293.3757659290317,7617.187500000001,-97.14000044333773
7812.500000000001,-45.69733157351443,7812.500000000001,-293.618978845304,7812.500000000001,-98.89837034086476
8007.812500000001,-51.53226721774526,8007.812500000001,-293.8403036850194,8007.812500000001,-104.7333059855237
8203.125000000002,-50.32618706482875,8203.125000000002,-294.0792466512671,8203.125000000002,-103.5272258294372
8398.437500000002,-41.83971006042576,8398.437500000002,-294.3000020947264,8398.437500000002,-95.04074882650647
8593.750000000002,-56.01881282627319,8593.750000000002,-294.5183698284744,8593.750000000002,-109.2198515970149
8789.062500000002,-37.16901578365564,8789.062500000002,-294.6945055265331,8789.062500000002,-90.37005454986762
8984.375000000002,-52.83809112014283,8984.375000000002,-294.9497232713093,8984.375000000002,-106.0391298871173
9179.687500000002,-53.9464612749093,9179.687500000002,-295.1417363263977,9179.687500000002,-107.1475000403743
9375.000000000002,-47.00066621725309,9375.000000000002,-295.282640538981,9375.000000000002,-100.2017049848883
9570.312500000002,-49.62588200370745,9570.312500000002,-295.4712872560934,9570.312500000002,-102.8269207690968
9765.625000000002,-58.55017678090665,9765.625000000002,-295.6688558746133,9765.625000000002,-111.7512155416185
9960.937500000002,-47.59804700103102,9960.937500000002,-295.9402030153252,9960.937500000002,-100.7990857663962
10156.25,-46.55805389616748,10156.25,-296.0289252023294,10156.25,-99.75909266095073
10351.5625,-48.10838548232879,10351.5625,-296.1704967444304,10351.5625,-101.3094242495096
10546.875,-48.3677560208664,10546.875,-296.4171037139928,10546.875,-101.5687947882609
10742.1875,-48.83530408081527,10742.1875,-296.4554322497716,10742.1875,-102.0363428453194
10937.5,-52.87897706423109,10937.5,-296.6391427419724,10937.5,-106.0800158298181
11132.8125,-38.62782039898975,11132.8125,-296.8086379237489,11132.8125,-91.82885916551142
11328.125,-46.47182014232379,11328.125,-296.9615558991865,11328.125,-99.67285890934252
11523.4375,-45.95291456112969,11523.4375,-297.1853593757107,11523.4375,-99.15395332626998
11718.75,-46.62615759807817,11718.75,-297.2238247515849,11718.75,-99.82719636441968
11914.0625,-46.68836100376885,11914.0625,-297.4833563571583,11914.0625,-99.88939976971383
12109.375,-44.65616484206846,12109.375,-297.6748129841334,12109.375,-97.85720360730375
12304.6875,-66.68160467685829,12304.6875,-297.8355160915385,12304.6875,-119.8826434518533
12500,-41.21297890554065,12500,-297.7124082539531,12500,-94.4140176717635
12695.3125,-55.03772084051377,12695.3125,-297.9903270905961,12695.3125,-108.2387596092101
12890.625,-53.54824887557782,12890.625,-298.1476854270376,12890.625,-106.7492876393583
13085.9375,-47.35550940148745,13085.9375,-298.206120330204,13085.9375,-100.5565481666639
13281.25,-52.90101380441311,13281.25,-298.4018510190487,13281.25,-106.102052572194
13476.5625,-43.73219609676808,13476.5625,-298.3981526050052,13476.5625,-96.93323486264345
13671.875,-53.80394000447399,13671.875,-298.739034979828,13671.875,-107.0049787708645
13867.1875,-48.83840555637623,13867.1875,-298.7014511336316,13867.1875,-102.0394443229875
14062.5,-44.28292403676713,14062.5,-298.829447646094,14062.5,-97.48396280229039
14257.8125,-43.57556157220746,14257.8125,-298.9601785389411,14257.8125,-96.7766003376437
14453.125,-46.21826503696588,14453.125,-298.9641235721367,14453.125,-99.41930380280461
14648.4375,-51.08461942713322,14648.4375,-299.2901910924377,14648.4375,-104.2856581926777
14843.75,-53.17131961915102,14843.75,-299.3334800312898,14843.75,-106.372358386879
15039.0625,-50.40084478385445,15039.0625,-299.6735748798897,15039.0625,-103.6018835492185
15234.375,-37.80594842954348,15234.375,-299.5194805873438,15234.375,-91.0069871959074
15429.6875,-39.10718480599234,15429.6875,-299.544953231657,15429.6875,-92.3082235724527
15625,-45.68754989320628,15625,-299.8524733170207,15625,-98.88858865894407
15820.3125,-55.95411390221375,15820.3125,-299.7910639734419,15820.3125,-109.1551526694306
16015.625,-43.44311154406581,16015.625,-300.0330613306077,16015.625,-96.6441503105539
16210.9375,-43.06285651995501,16210.9375,-299.9632810784631,16210.9375,-96.263895286615
16406.25,-50.04306757411396,16406.25,-300.2793234818896,16406.25,-103.2441063393022
16601.5625,-50.91970122493633,16601.5625,-300.3368824020789,16601.5625,-104.1207399900952
16796.875,-56.46709120337182,16796.875,-300.3602362689575,16796.875,-109.6681299690748
16992.1875,-40.86570792061202,16992.1875,-300.4356967765292,16992.1875,-94.06674668691495
17187.5,-47.23233982626048,17187.5,-300.4727196541792,17187.5,-100.4333785931206
17382.8125,-43.23122924826782,17382.8125,-300.6782162753336,17382.8125,-96.43226801387884
17578.125,-58.97978407014627,17578.125,-300.7620028590455,17578.125,-112.1808228392426
17773.4375,-44.56158970561571,17773.4375,-300.9721121320674,17773.4375,-97.76262847142307
17968.75,-43.1839438714682,17968.75,-300.9528877312585,17968.75,-96.38498263716977
18164.0625,-60.56350790623455,18164.0625,-301.0250280985778,18164.0625,-113.7645466702169
18359.375,-40.28834242269433,18359.375,-301.1882547011626,18359.375,-93.48938118903038
18554.6875,-46.93674595965996,18554.6875,-301.3093102215751,18554.6875,-100.1377847257232
18750,-38.72198017265409,18750,-301.3019709798324,18750,-91.92301893892886
18945.3125,-36.15980049454392,18945.3125,-301.4205148864551,18945.3125,-89.36083926084939
19140.625,-37.9599229079781,19140.625,-301.5528588697007,19140.625,-91.16096167406205
19335.9375,-41.88627196061569,19335.9375,-301.6737123848291,19335.9375,-95.08731072681874
19531.25,-44.33418612873717,19531.25,-301.7450155958297,19531.25,-97.53522489536263
19726.5625,-46.20151054562861,19726.5625,-301.8674153103481,19726.5625,-99.40254931147729
19921.875,-34.21030516390835,19921.875,-301.867989605506,19921.875,-87.41134393007117
20117.1875,-46.21393065952514,20117.1875,-301.9426498754972,20117.1875,-99.41496942575101
20312.5,-36.72030903211315,20312.5,-302.1075209816034,20312.5,-89.9213477984076
20507.8125,-53.89851642670045,20507.8125,-302.04302722631,20507.8125,-107.0995551924375
20703.125,-40.56358683096428,20703.125,-302.121961320929,20703.125,-93.76462559674695
20898.4375,-40.72077066855481,20898.4375,-302.2999037062468,20898.4375,-93.92180943488606
21093.75,-56.70386809687208,21093.75,-302.2508684949429,21093.75,-109.9049068639474
21289.0625,-37.98871354278568,21289.0625,-302.4402767117834,21289.0625,-91.18975230897391
21484.375,-47.37079809171188,21484.375,-302.4068928575639,21484.375,-100.5718368585273
21679.6875,-36.48206197353565,21679.6875,-302.6042506543194,21679.6875,-89.68310073947703
21875,-36.29782001074303,21875,-302.5773528126972,21875,-89.49885877704345
22070.3125,-39.55766057662613,22070.3125,-302.6597852194499,22070.3125,-92.7586993426864
22265.625,-50.42119286941445,22265.625,-302.9485513258592,22265.625,-103.6222316362041
22460.9375,-41.77053989712461,22460.9375,-303.1148040576027,22460.9375,-94.97157866290814
22656.25,-34.97639087189774,22656.25,-302.9398848227548,22656.25,-88.17742963805014
22851.5625,-34.23318532587277,22851.5625,-302.9690921569733,22851.5625,-87.43422409208038
23046.875,-52.30805361571296,23046.875,-303.1766029015794,23046.875,-105.5090923827279
23242.1875,-41.49417068745831,23242.1875,-303.1499068175569,23242.1875,-94.69520945344132
23437.5,-44.24399472825939,23437.5,-303.1657903123142,23437.5,-97.44503349455533
23632.8125,-37.58765326046407,23632.8125,-303.3745761690321,23632.8125,-90.78869202647562
23828.125,-41.54904305982634,23828.125,-303.2630413904121,23828.125,-94.75008182563656
24023.4375,-37.82301367465435,24023.4375,-303.4823791943615,24023.4375,-91.02405244076836
24218.75,-32.42722821847368,24218.75,-303.5055051518212,24218.75,-85.62826698449248
24414.0625,-30.08707957718371,24414.0625,-303.590252966136,24414.0625,-83.2881183432616
24609.375,-52.736705615613,24609.375,-303.6190279375513,24609.375,-105.9377443827718
24804.6875,-43.95709967299742,24804.6875,-303.6768781348734,24804.6875,-97.15813843934325
25000,-31.0046604162462,25000,-303.7388164654991,25000,-84.20569918239757
25195.3125,-38.47172976416624,25195.3125,-303.9230832908745,25195.3125,-91.67276853047915
25390.625,-37.97121187673314,25390.625,-303.8527218250957,25390.625,-91.17225064298147
25585.9375,-33.43604308959159,25585.9375,-304.1337805759504,25585.9375,-86.63708185581052
25781.25,-39.43052091610539,25781.25,-303.5459880481377,25781.25,-92.63155968238573
25976.5625,-39.25116409105512,25976.5625,-304.6828092090439,25976.5625,-92.45220285730339
26171.875,-33.82122549256804,26171.875,-304.2162105253203,26171.875,-87.02226425878368
26367.1875,-34.9305398533221,26367.1875,-304.1675015773396,26367.1875,-88.13157861932807
26562.5,-35.7481144055169,26562.5,-304.3885970308087,26562.5,-88.94915317148923
26757.8125,-35.66575484816249,26757.8125,-304.320187197208,26757.8125,-88.86679361414576
26953.125,-36.20699662985577,26953.125,-304.4291449990311,26953.125,-89.40803539599142
27148.4375,-33.00783901011751,27148.4375,-304.4588563878722,27148.4375,-86.20887777613964
27343.75,-30.0221516653922,27343.75,-304.6558667042511,27343.75,-83.22319043155325
27539.0625,-32.92016222990539,27539.0625,-304.5898172551389,27539.0625,-86.12120099612197
27734.375,-28.39647488009029,27734.375,-304.7447393733861,27734.375,-81.59751364614272
27929.6875,-34.26123033244046,27929.6875,-304.8561288277464,27929.6875,-87.46226909865256
28125,-33.19536641522848,28125,-304.911999726299,28125,-86.39640518144019
28320.3125,-30.8983204905079,28320.3125,-304.9758890311268,28320.3125,-84.09935925654382
28515.625,-31.39755239714789,28515.625,-304.3432452070712,28515.625,-84.59859116318947
28710.9375,-33.30058675700209,28710.9375,-305.4838938811704,28710.9375,-86.5016255231902
28906.25,-30.84568607026768,28906.25,-304.9472629971097,28906.25,-84.04672483630404
29101.5625,-39.61227427175108,29101.5625,-305.2775673168206,29101.5625,-92.81331303768729
29296.875,-30.34580819587537,29296.875,-305.1138462205917,29296.875,-83.54684696191609
29492.1875,-34.31703819142692,29492.1875,-305.178306634241,29492.1875,-87.51807695752719
29687.5,-30.38941397472783,29687.5,-305.0722024911318,29687.5,-83.59045274087731
29882.8125,-35.59038831378649,29882.8125,-305.1269329338447,29882.8125,-88.79142707976879
30078.125,-30.68624116826928,30078.125,-305.165344755221,30078.125,-83.88727993441606
30273.4375,-31.95825755021904,30273.4375,-305.2565182122095,30273.4375,-85.15929631624985
30468.75,-36.44558207469454,30468.75,-305.2377682201204,30468.75,-89.64662084075846
30664.0625,-32.81311284528049,30664.0625,-305.2863039992823,30664.0625,-86.01415161135721
30859.375,-30.93945867494434,30859.375,-305.423021932749,30859.375,-84.14049744103869
31054.6875,-38.19806202702405,31054.6875,-305.6218262417557,31054.6875,-91.39910079310367
31250,-31.12466914553675,31250,-305.5676653816859,31250,-84.32570791160542
31445.3125,-26.16715317127662,31445.3125,-305.8464872949059,31445.3125,-79.36819193743047
31640.625,-31.43347719053924,31640.625,-305.822170143053,31640.625,-84.63451595667784
31835.9375,-30.76545658758767,31835.9375,-305.9873121997918,31835.9375,-83.96649535363935
32031.25,-28.03075006903282,32031.25,-305.8267346783462,32031.25,-81.23178883519154
32226.5625,-31.4581025215661,32226.5625,-305.8773478368134,32226.5625,-84.65914128762698
32421.875,-39.30425140968317,32421.875,-305.9964531032471,32421.875,-92.5052901757872
32617.1875,-27.79823174191694,32617.1875,-305.9645017923095,32617.1875,-80.99927050800227
32812.50000000001,-24.92575144356881,32812.50000000001,-305.9965774150589,32812.50000000001,-78.12679020971645
33007.81250000001,-29.57296508943276,33007.81250000001,-305.90544367136,33007.81250000001,-82.77400385560256
33203.12500000001,-44.04088862997585,33203.12500000001,-305.9233833851693,33203.12500000001,-97.24192739576819
33398.43750000001,-47.73783199908623,33398.43750000001,-305.8566576296333,33398.43750000001,-100.9388707648445
33593.75000000001,-28.41629932640652,33593.75000000001,-305.767778572211,33593.75000000001,-81.61733809252716
33789.06250000001,-37.58507367917007,33789.06250000001,-305.9171443636781,33789.06250000001,-90.78611244537817
33984.37500000001,-30.51710547956386,33984.37500000001,-306.2162818630104,33984.37500000001,-83.71814424571542
34179.68750000001,-29.98343386448888,34179.68750000001,-306.1874920978932,34179.68750000001,-83.18447263055572
34375.00000000001,-31.73466217464473,34375.00000000001,-306.1857564615725,34375.00000000001,-84.93570094068957
34570.31250000001,-37.04042799366496,34570.31250000001,-306.4447326904341,34570.31250000001,-90.24146675965184
34765.62500000001,-29.56316020188277,34765.62500000001,-306.3849005489816,34765.62500000001,-82.76419896794074
34960.93750000001,-41.07401964197348,34960.93750000001,-306.3895512724548,34960.93750000001,-94.27505840829072
35156.25000000001,-25.14657464653138,35156.25000000001,-306.4608274856932,35156.25000000001,-78.34761341262507
35351.56250000001,-29.04740698351385,35351.56250000001,-306.703116841427,35351.56250000001,-82.24844574967545
35546.87500000001,-32.66553674415771,35546.87500000001,-306.6655703764882,35546.87500000001,-85.86657551034983
35742.18750000001,-29.48252563698486,35742.18750000001,-306.6893278203183,35742.18750000001,-82.68356440313573
35937.50000000001,-28.3591089982715,35937.50000000001,-306.6564633065317,35937.50000000001,-81.56014776442163
36132.81250000001,-25.19523583827958,36132.81250000001,-306.8152206753275,36132.81250000001,-78.39627460442574
36328.12500000001,-36.98764831630507,36328.12500000001,-306.6418192250015,36328.12500000001,-90.1886870822939
36523.43750000001,-25.52190523622361,36523.43750000001,-306.6744216985068,36523.43750000001,-78.72294400235832
36718.75000000001,-41.66527665122334,36718.75000000001,-306.7723409174588,36718.75000000001,-94.86631541750954
36914.06250000001,-23.5683348200427,36914.06250000001,-306.797883842034,36914.06250000001,-76.7693735861681
37109.37500000001,-21.19623421134282,37109.37500000001,-306.9015107105826,37109.37500000001,-74.39727297744409
37304.68750000001,-39.80570522645215,37304.68750000001,-306.8396819947271,37304.68750000001,-93.00674399255767
37500.00000000001,-24.00489786343047,37500.00000000001,-306.9095981162131,37500.00000000001,-77.20593662954002
37695.31250000001,-38.10600846623362,37695.31250000001,-306.9611166786856,37695.31250000001,-91.30704723225659
37890.62500000001,-29.81601685253919,37890.62500000001,-307.1966975479335,37890.62500000001,-83.0170556186012
38085.93750000001,-27.3500688739004,38085.93750000001,-307.1078586428637,38085.93750000001,-80.55110764001169
38281.25000000001,-28.55372754941923,38281.25000000001,-307.1971262222509,38281.25000000001,-81.75476631556572
38476.56250000001,-22.21865507207548,38476.56250000001,-307.1009329888025,38476.56250000001,-75.41969383816875
38671.87500000001,-26.80844254299736,38671.87500000001,-307.1426270896057,38671.87500000001,-80.00948130908796
38867.18750000001,-24.3319938859786,38867.18750000001,-307.2292167904487,38867.18750000001,-77.53303265208476
39062.50000000001,-21.79992523977896,39062.50000000001,-307.1464291207903,39062.50000000001,-75.00096400589952
39257.81250000001,-22.32003701433084,39257.81250000001,-307.3343191022659,39257.81250000001,-75.52107578044809
39453.12500000001,-36.80827010562875,39453.12500000001,-307.2432215693847,39453.12500000001,-90.00930887183929
39648.43750000001,-26.40117376012776,39648.43750000001,-307.6259449320164,39648.43750000001,-79.6022125262491
39843.75000000001,-26.08328373098286,39843.75000000001,-307.5335498168724,39843.75000000001,-79.28432249709462
40039.06250000001,-20.22090153183618,40039.06250000001,-307.3178157900184,40039.06250000001,-73.42194029795164
40234.37500000001,-30.35844981782483,40234.37500000001,-307.6886086164865,40234.37500000001,-83.55948858393377
40429.68750000001,-24.97613435588801,40429.68750000001,-307.428226360099,40429.68750000001,-78.17717312198872
40625.00000000001,-24.4596694722975,40625.00000000001,-307.8930104451006,40625.00000000001,-77.66070823838461
40820.31250000001,-26.25965316199202,40820.31250000001,-307.4538550277836,40820.31250000001,-79.46069192807474
41015.62500000001,-24.54157342873734,41015.62500000001,-307.7181960912966,41015.62500000001,-77.74261219482281
41210.93750000001,-31.86259533168916,41210.93750000001,-307.5930882360746,41210.93750000001,-85.06363409777613
41406.25000000001,-25.9667618341219,41406.25000000001,-307.6661756297171,41406.25000000001,-79.16780060024944
41601.56250000001,-19.96434325127288,41601.56250000001,-307.7192630877729,41601.56250000001,-73.16538201740195
41796.87500000001,-27.19092279186728,41796.87500000001,-307.4983181183395,41796.87500000001,-80.39196155797946
41992.18750000001,-22.33005910701085,41992.18750000001,-307.7694514319818,41992.18750000001,-75.53109787310606
42187.50000000001,-28.53440544962513,42187.50000000001,-307.5336041319651,42187.50000000001,-81.73544421573168
42382.81250000001,-22.25126658390744,42382.81250000001,-308.0402370998391,42382.81250000001,-75.45230535000593
42578.12500000001,-18.50112945691593,42578.12500000001,-307.987996574842,42578.12500000001,-71.70216822301838
42773.43750000001,-21.58876504153939,42773.43750000001,-307.7807168808778,42773.43750000001,-74.7898038076538
42968.75000000001,-27.05974608690279,42968.75000000001,-308.0620272868438,42968.75000000001,-80.26078485301561
43164.06250000001,-25.0162583995616,43164.06250000001,-308.1039903737276,43164.06250000001,-78.21729716564781
43359.37500000001,-22.6367565446073,43359.37500000001,-308.0866837214346,43359.37500000001,-75.83779531070014
43554.68750000001,-24.97735881434306,43554.68750000001,-308.0715156753869,43554.68750000001,-78.17839758048346
43750.00000000001,-33.30605045215314,43750.00000000001,-308.2308479316371,43750.00000000001,-86.50708921828084
43945.31250000001,-30.96165918475156,43945.31250000001,-308.3191493382699,43945.31250000001,-84.16269795083099
44140.62500000001,-20.578587999158,44140.62500000001,-308.250289571065,44140.62500000001,-73.77962676526595
44335.93750000001,-21.89549347977854,44335.93750000001,-308.1688623811152,44335.93750000001,-75.09653224589147
44531.25000000001,-22.98205819298303,44531.25000000001,-308.295866183379,44531.25000000001,-76.18309695908097
44726.56250000001,-21.95925588485037,44726.56250000001,-308.2090840427837,44726.56250000001,-75.16029465098258
44921.87500000001,-27.13534639480318,44921.87500000001,-308.3271717791508,44921.87500000001,-80.33638516091456
45117.18750000001,-24.80773938860721,45117.18750000001,-308.4764756720052,45117.18750000001,-78.00877815473217
45312.50000000001,-30.53762356530777,45312.50000000001,-308.357085143383,45312.50000000001,-83.73866233136967
45507.81250000001,-21.080859824192,45507.81250000001,-308.3903201925307,45507.81250000001,-74.28189859030682
45703.12500000001,-33.75243937284637,45703.12500000001,-308.3552401175014,45703.12500000001,-86.9534781389213
45898.43750000001,-16.85420565835453,45898.43750000001,-308.3786333242795,45898.43750000001,-70.05524442447457
46093.75000000001,-21.08064330524764,46093.75000000001,-308.5312211591759,46093.75000000001,-74.2816820713571
46289.06250000001,-32.35061458445407,46289.06250000001,-308.5305678929208,46289.06250000001,-85.55165335051154
46484.37500000001,-22.89484813004318,46484.37500000001,-308.5726300085508,46484.37500000001,-76.09588689614252
46679.68750000001,-22.96486927424632,46679.68750000001,-308.6616658658364,46679.68750000001,-76.16590804036073
46875.00000000001,-24.23592745072013,46875.00000000001,-308.567861855903,46875.00000000001,-77.43696621682827
47070.31250000001,-24.373676503646,47070.31250000001,-308.788385864628,47070.31250000001,-77.57471526977982
47265.62500000001,-35.48851304777055,47265.62500000001,-308.8094915519475,47265.62500000001,-88.68955181386674
47460.93750000001,-33.67676451205759,47460.93750000001,-308.5665860646168,47460.93750000001,-86.87780327811848
47656.25000000001,-31.12745026403699,47656.25000000001,-308.995756463336,47656.25000000001,-84.32848903010495
47851.56250000001,-20.38473250708306,47851.56250000001,-309.0830613566429,47851.56250000001,-73.58577127320012
48046.87500000001,-33.56352449656042,48046.87500000001,-308.8743172503425,48046.87500000001,-86.76456326261859
48242.18750000001,-25.01356101022488,48242.18750000001,-308.9673181517621,48242.18750000001,-78.21459977632566
48437.50000000001,-22.09138576598847,48437.50000000001,-308.9620360248652,48437.50000000001,-75.29242453211351
48632.81250000001,-34.00585504438906,48632.81250000001,-308.6543169936811,48632.81250000001,-87.20689381043258
48828.12500000001,-24.97832360773762,48828.12500000001,-309.1233894945651,48828.12500000001,-78.17936237387514
49023.43750000001,-28.29797214431414,49023.43750000001,-309.233236964901,49023.43750000001,-81.49901091045859
49218.75000000001,-45.49906063230168,49218.75000000001,-308.7832713268552,49218.75000000001,-98.70009939855731
49414.06250000001,-23.62519601852084,49414.06250000001,-309.3139664286164,49414.06250000001,-76.82623478461858
49609.37500000001,-32.31657789610571,49609.37500000001,-309.2815659635743,49609.37500000001,-85.51761666222298
49804.68750000001,-27.04407282607309,49804.68750000001,-308.9526164590676,49804.68750000001,-80.24511159221788
50000.00000000001,-43.04596569642881,50000.00000000001,-309.1979123380405,50000.00000000001,-96.24700446252996
50195.31250000001,-25.44874399843624,50195.31250000001,-308.8361117076782,50195.31250000001,-78.64978276457593
50390.62500000001,-27.33432198566057,50390.62500000001,-309.0738892625057,50390.62500000001,-80.53536075174782
50585.93750000001,-22.98417719206097,50585.93750000001,-309.3373978173066,50585.93750000001,-76.18521595819291
50781.25000000001,-23.37537579992965,50781.25000000001,-309.1892344908816,50781.25000000001,-76.57641456604165
50976.56250000001,-24.34111278784581,50976.56250000001,-309.0673193010113,50976.56250000001,-77.54215155395889
51171.87500000001,-32.37974806667064,51171.87500000001,-309.4062386370098,51171.87500000001,-85.5807868328386
51367.18750000001,-27.05934012769388,51367.18750000001,-309.3733268907787,51367.18750000001,-80.26037889381894
51562.50000000001,-38.16381139723936,51562.50000000001,-309.2542770775747,51562.50000000001,-91.36485016327626
51757.81250000001,-21.73921633270763,51757.81250000001,-309.3755245486793,51757.81250000001,-74.94025509880406
51953.12500000001,-30.75021139485624,51953.12500000001,-309.2434737477266,51953.12500000001,-83.951250161004
52148.43750000001,-23.66223129552354,52148.43750000001,-309.5986899081092,52148.43750000001,-76.86327006165571
52343.75000000001,-22.70646621138963,52343.75000000001,-310.0371953097749,52343.75000000001,-75.90750497749998
52539.06250000001,-23.38308067925416,52539.06250000001,-309.2810297744224,52539.06250000001,-76.58411944538442
52734.37500000001,-27.61917898098631,52734.37500000001,-309.5676045054433,52734.37500000001,-80.82021774708728
52929.68750000001,-41.01357608771679,52929.68750000001,-309.3589559397504,52929.68750000001,-94.21461485395177
53125.00000000001,-27.71180324570526,53125.00000000001,-309.4668172844733,53125.00000000001,-80.91284201180156
53320.31250000001,-41.01065653758586,53320.31250000001,-309.6453811259501,53320.31250000001,-94.21169530384586
53515.62500000001,-19.15505653410055,53515.62500000001,-309.2659192157727,53515.62500000001,-72.35609530022595
53710.93750000001,-27.42214378693568,53710.93750000001,-309.3636529005749,53710.93750000001,-80.6231825530176
53906.25000000001,-24.45267882361382,53906.25000000001,-310.1524316544788,53906.25000000001,-77.65371758972877
54101.56250000001,-38.22042192213559,54101.56250000001,-309.6051736237421,54101.56250000001,-91.42146068833951
54296.87500000001,-20.61811909949586,54296.87500000001,-309.433554176008,54296.87500000001,-73.81915786560388
54492.18750000001,-29.61515483843176,54492.18750000001,-309.6762697439295,54492.18750000001,-82.81619360455929
54687.50000000001,-37.16740648116059,54687.50000000001,-309.617018421458,54687.50000000001,-90.36844524718383
54882.81250000001,-24.18265245419924,54882.81250000001,-309.8629960423062,54882.81250000001,-77.38369122030895
55078.12500000001,-40.38759824988847,55078.12500000001,-309.8068373041773,55078.12500000001,-93.58863701611983
55273.43750000001,-32.44350716997185,55273.43750000001,-309.5299998568809,55273.43750000001,-85.64454593608851
55468.75000000001,-23.7736500614544,55468.75000000001,-309.8731039336211,55468.75000000001,-76.97468882755473
55664.06250000001,-25.68706917140379,55664.06250000001,-309.7429237717564,55664.06250000001,-78.88810793752086
55859.37500000001,-28.01008624409232,55859.37500000001,-309.7178090636736,55859.37500000001,-81.21112501017433
56054.68750000001,-24.00015213214726,56054.68750000001,-309.957485982393,56054.68750000001,-77.20119089827597
56250.00000000001,-38.67833413719841,56250.00000000001,-309.3716057266582,56250.00000000001,-91.87937290335145
56445.31250000001,-35.60479948795441,56445.31250000001,-309.716286896795,56445.31250000001,-88.80583825410993
56640.62500000001,-27.43983966383044,56640.62500000001,-310.1942466625439,56640.62500000001,-80.64087842993239
56835.93750000001,-28.32821024105174,56835.93750000001,-309.7875533271347,56835.93750000001,-81.52924900719817
57031.25000000001,-22.33592295537187,57031.25000000001,-309.814231686909,57031.25000000001,-75.53696172149999
57226.56250000001,-36.61493603298948,57226.56250000001,-310.0797562104361,57226.56250000001,-89.81597479918152
57421.87500000001,-25.04894333356071,57421.87500000001,-309.9816254642969,57421.87500000001,-78.24998209966499
57617.18750000001,-28.01217295054199,57617.18750000001,-310.160846810614,57617.18750000001,-81.2132117166246
57812.50000000001,-31.87743838757688,57812.50000000001,-309.6819545111462,57812.50000000001,-85.07847715367056
58007.81250000001,-32.30431867272265,58007.81250000001,-309.9981738485359,58007.81250000001,-85.50535743878979
58203.12500000001,-30.91091960180037,58203.12500000001,-310.3144264938681,58203.12500000001,-84.11195836787377
58398.43750000001,-30.98001848789154,58398.43750000001,-310.0966394367548,58398.43750000001,-84.1810572540325
58593.75000000001,-27.76332249013013,58593.75000000001,-310.2832545872304,58593.75000000001,-80.96436125627278
58789.06250000001,-26.80834073617624,58789.06250000001,-310.0021787616666,58789.06250000001,-80.00937950229103
58984.37500000001,-27.8194255740927,58984.37500000001,-310.3051568024965,58984.37500000001,-81.02046434022114
59179.68750000001,-24.10306293545068,59179.68750000001,-310.1541713809269,59179.68750000001,-77.30410170154599
59375.00000000001,-23.46521149962927,59375.00000000001,-310.1576650636795,59375.00000000001,-76.66625026575973
59570.31250000001,-26.80941795954621,59570.31250000001,-309.9852689842613,59570.31250000001,-80.01045672563416
59765.62500000001,-40.8534079736544,59765.62500000001,-310.2350419363341,59765.62500000001,-94.05444673965286
59960.93750000001,-20.79423332245513,59960.93750000001,-309.9357407152915,59960.93750000001,-73.99527208858194
60156.25000000001,-24.04112294568529,60156.25000000001,-309.8643851378168,60156.25000000001,-77.24216171181716
60351.56250000001,-31.15324728071123,60351.56250000001,-310.2929674559967,60351.56250000001,-84.35428604683422
60546.87500000001,-36.36781597234709,60546.87500000001,-309.5847302880549,60546.87500000001,-89.56885473847453
60742.18750000001,-38.17176731372994,60742.18750000001,-310.8469038650103,60742.18750000001,-91.37280607981702
60937.50000000001,-34.8455744089594,60937.50000000001,-309.6626321430102,60937.50000000001,-88.04661317500624
61132.81250000001,-32.9609579203944,61132.81250000001,-310.2234922571568,61132.81250000001,-86.16199668646564
61328.12500000001,-35.89505912880349,61328.12500000001,-310.2513551924914,61328.12500000001,-89.09609789487004
61523.43750000001,-26.68409710010211,61523.43750000001,-310.3778495348698,61523.43750000001,-79.8851358662161
61718.75000000001,-29.81255930844683,61718.75000000001,-310.6460839065755,61718.75000000001,-83.01359807452681
61914.06250000001,-24.37104800703248,61914.06250000001,-310.575560445768,61914.06250000001,-77.57208677316483
62109.37500000001,-20.19566301708844,62109.37500000001,-310.6818328461773,62109.37500000001,-73.39670178319646
62304.68750000001,-27.30359316604613,62304.68750000001,-310.6647788590982,62304.68750000001,-80.50463193216137
62500.00000000001,-26.78892096698902,62500.00000000001,-310.5878979097274,62500.00000000001,-79.98995973311528
62695.31250000001,-34.86554618681051,62695.31250000001,-310.7069972371419,62695.31250000001,-88.06658495289949
62890.62500000001,-25.05719814343449,62890.62500000001,-310.4266023471114,62890.62500000001,-78.25823690954704
63085.93750000001,-22.81692951488818,63085.93750000001,-310.6638850734101,63085.93750000001,-76.01796828100221
63281.25000000001,-29.12925040209885,63281.25000000001,-310.0540244792841,63281.25000000001,-82.33028916820045
63476.56250000001,-24.12909689640041,63476.56250000001,-311.0551703824038,63476.56250000001,-77.33013566252593
63671.87500000001,-31.77502513922371,63671.87500000001,-309.7419177028261,63671.87500000001,-84.97606390529477
63867.18750000001,-30.68183144207946,63867.18750000001,-310.7834661112158,63867.18750000001,-83.88287020818971
64062.50000000001,-37.07793027501927,64062.50000000001,-309.7527878986607,64062.50000000001,-90.27896904122493
64257.81250000001,-32.24464427817125,64257.81250000001,-311.0512803329433,64257.81250000001,-85.44568304426333
64453.12500000001,-27.22338820182395,64453.12500000001,-310.0863615237774,64453.12500000001,-80.42442696791457
64648.43750000001,-28.42521190681284,64648.43750000001,-310.7567347214516,64648.43750000001,-81.62625067294266
64843.75000000001,-29.55002919397337,64843.75000000001,-310.4446541687923,64843.75000000001,-82.75106796012126
65039.06250000001,-25.50578959418663,65039.06250000001,-310.6496749280167,65039.06250000001,-78.70682836029573
65234.37500000001,-23.66385552661147,65234.37500000001,-310.7336031311066,65234.37500000001,-76.86489429273908
65429.68750000001,-37.5403920259384,65429.68750000001,-311.0438473737123,65429.68750000001,-90.74143079196708
65625.00000000001,-37.81325961190338,65625.00000000001,-310.9773060360481,65625.00000000001,-91.01429837797002
65820.31250000001,-28.5037567134694,65820.31250000001,-310.9868142060494,65820.31250000001,-81.70479547957639
66015.62500000001,-24.14986968531964,66015.62500000001,-310.8382867020495,66015.62500000001,-77.35090845143648
66210.93750000001,-27.98269124057526,66210.93750000001,-310.9948892778604,66210.93750000001,-81.18373000671367
66406.25000000001,-29.72481739511188,66406.25000000001,-311.0093393109271,66406.25000000001,-82.92585616119052
66601.56250000001,-25.02215934382482,66601.56250000001,-310.8454984238106,66601.56250000001,-78.2231981099285
66796.87500000001,-23.37463628540839,66796.87500000001,-310.8947867770664,66796.87500000001,-76.57567505150506
66992.18750000001,-23.90125834982677,66992.18750000001,-311.0520328879137,66992.18750000001,-77.10229711593584
67187.50000000001,-34.5081659226137,67187.50000000001,-310.8604344550205,67187.50000000001,-87.70920468875545
67382.81250000001,-23.8122069967818,67382.81250000001,-310.9508823383583,67382.81250000001,-77.01324576289358
67578.12500000001,-35.39900932183121,67578.12500000001,-310.8438217701203,67578.12500000001,-88.60004808789654
67773.43750000001,-27.52269997558782,67773.43750000001,-310.7301780333644,67773.43750000001,-80.72373874171666
67968.75000000001,-22.60702782628503,67968.75000000001,-311.0669445229067,67968.75000000001,-75.80806659240002
68164.06250000001,-21.94280959371697,68164.06250000001,-311.0013704441712,68164.06250000001,-75.14384835981599
68359.37500000001,-29.71779752199163,68359.37500000001,-310.917975522471,68359.37500000001,-82.91883628813842
68554.68750000001,-33.85359025242271,68554.68750000001,-311.2415847069898,68554.68750000001,-87.05462901852009
68750.00000000001,-40.68051834592859,68750.00000000001,-310.9309316694194,68750.00000000001,-93.88155711214469
68945.31250000001,-21.3227221624611,68945.31250000001,-311.0712409439114,68945.31250000001,-74.52376092856548
69140.62500000001,-27.4725041298918,69140.62500000001,-311.1291586362291,69140.62500000001,-80.67354289603034
69335.93750000001,-27.80088149513562,69335.93750000001,-310.983620438221,69335.93750000001,-81.00192026126848
69531.25000000001,-26.56011208854303,69531.25000000001,-311.1610123614552,69531.25000000001,-79.7611508546676
69726.56250000001,-29.44845939225193,69726.56250000001,-311.1789016689509,69726.56250000001,-82.64949815839717
69921.87500000001,-28.05441931502889,69921.87500000001,-311.0954334092867,69921.87500000001,-81.2554580811358
70117.18750000001,-26.04496097398131,70117.18750000001,-311.0869577468256,70117.18750000001,-79.24599974007273
70312.50000000001,-28.68205199239107,70312.50000000001,-310.898892721781,70312.50000000001,-81.88309075852987
70507.81250000001,-31.24452933166273,70507.81250000001,-311.1327477851869,70507.81250000001,-84.44556809776762
70703.12500000001,-25.0906660078677,70703.12500000001,-311.1045990730267,70703.12500000001,-78.29170477396826
70898.43750000001,-40.63022539776422,70898.43750000001,-311.0677851019511,70898.43750000001,-93.83126416381643
71093.75000000001,-36.58855589283653,71093.75000000001,-311.164003963427,71093.75000000001,-89.78959465896311
71289.06250000001,-33.78005107700609,71289.06250000001,-311.1744739539028,71289.06250000001,-86.98108984308058
71484.37500000001,-24.41444171987099,71484.37500000001,-311.1438754951378,71484.37500000001,-77.61548048599968
71679.68750000001,-28.7991852128088,71679.68750000001,-311.1654570902646,71679.68750000001,-82.00022397892616
71875.00000000001,-30.83029745420663,71875.00000000001,-311.1596750192912,71875.00000000001,-84.03133622033252
72070.31250000001,-33.89208937160414,72070.31250000001,-311.248379035689,72070.31250000001,-87.09312813774729
72265.62500000001,-28.52775451383464,72265.62500000001,-311.2122884619437,72265.62500000001,-81.72879327996894
72460.93750000001,-31.41998565963133,72460.93750000001,-311.0402243747282,72460.93750000001,-84.62102442574579
72656.25000000001,-35.20587486248081,72656.25000000001,-311.1234863342893,72656.25000000001,-88.40691362853715
72851.56250000001,-26.89306595136694,72851.56250000001,-311.2869514249218,72851.56250000001,-80.09410471746988
73046.87500000001,-27.71432848341576,73046.87500000001,-310.4412286617259,73046.87500000001,-80.91536724950907
73242.18750000001,-27.09998359967453,73242.18750000001,-311.7970623101349,73242.18750000001,-80.30102236576433
73437.50000000001,-44.79814253380222,73437.50000000001,-312.1936090080208,73437.50000000001,-97.99918130005666
73632.81250000001,-28.58266950790527,73632.81250000001,-311.2627509742273,73632.81250000001,-81.7837082740452
73828.12500000001,-22.81353994634026,73828.12500000001,-311.5182811159864,73828.12500000001,-76.01457871244077
74023.43750000001,-32.03230008564342,74023.43750000001,-311.6401699865924,74023.43750000001,-85.23333885176686
74218.75000000001,-28.01995147663941,74218.75000000001,-311.5814519049627,74218.75000000001,-81.22099024277723
74414.06250000001,-27.45403079137382,74414.06250000001,-311.3683906605968,74414.06250000001,-80.65506955751118
74609.37500000001,-29.02242536770127,74609.37500000001,-311.6695739697649,74609.37500000001,-82.22346413380434
74804.68750000001,-34.57627737936853,74804.68750000001,-311.1745408898271,74804.68750000001,-87.77731614548134
75000.00000000001,-28.1001929102532,75000.00000000001,-310.9237970126297,75000.00000000001,-81.30123167638997
75195.31250000001,-27.55582356288514,75195.31250000001,-311.2665126832995,75195.31250000001,-80.75686232897304
75390.62500000001,-28.99383036683652,75390.62500000001,-311.7874982053308,75390.62500000001,-82.19486913295854
75585.93750000001,-37.46857480551591,75585.93750000001,-311.3569595996399,75585.93750000001,-90.66961357170941
75781.25000000001,-31.88816716214228,75781.25000000001,-310.6267479387257,75781.25000000001,-85.0892059282381
75976.56250000001,-31.47652660429699,75976.56250000001,-311.4452335975278,75976.56250000001,-84.67756537040101
76171.87500000001,-26.0896383285044,76171.87500000001,-312.8175086984036,76171.87500000001,-79.29067709460577
76367.18750000001,-22.10150188505321,76367.18750000001,-311.3022331557142,76367.18750000001,-75.30254065115635
76562.50000000001,-37.34225649437852,76562.50000000001,-311.766472667684,76562.50000000001,-90.54329526054113
76757.81250000001,-34.35155196184873,76757.81250000001,-312.0707384192343,76757.81250000001,-87.55259072793913
76953.12500000001,-39.84216054956081,76953.12500000001,-311.5942828812411,76953.12500000001,-93.04319931573667
77148.43750000001,-27.03836050701196,77148.43750000001,-311.8419207031396,77148.43750000001,-80.23939927313045
77343.75000000001,-32.4632779199066,77343.75000000001,-311.8947102904289,77343.75000000001,-85.66431668598979
77539.06250000001,-24.51864387697195,77539.06250000001,-311.7245762741587,77539.06250000001,-77.71968264309979
77734.37500000001,-25.48909383169793,77734.37500000001,-311.1834663524343,77734.37500000001,-78.69013259779489
77929.68750000001,-35.17058365790663,77929.68750000001,-311.3364494389372,77929.68750000001,-88.37162242396624
78125.00000000001,-30.06418887386916,78125.00000000001,-311.9075978555592,78125.00000000001,-83.26522763995098
78320.31250000001,-25.79614895291108,78320.31250000001,-311.7251098325278,78320.31250000001,-78.99718771904017
78515.62500000001,-25.91571945516666,78515.62500000001,-311.8956425298112,78515.62500000001,-79.11675822126708
78710.93750000001,-31.04914387622149,78710.93750000001,-311.7855555712471,78710.93750000001,-84.25018264229803
78906.25000000001,-37.83184954033617,78906.25000000001,-311.6346839089582,78906.25000000001,-91.03288830637982
79101.56250000001,-28.63245124853142,79101.56250000001,-311.6675029863617,79101.56250000001,-81.83349001463192
79296.87500000001,-33.03615655019172,79296.87500000001,-311.7056397497951,79296.87500000001,-86.23719531626364
79492.18750000001,-28.5722488552228,79492.18750000001,-311.6659981159304,79492.18750000001,-81.77328762136173
79687.50000000001,-22.95565400153464,79687.50000000001,-311.5955788113959,79687.50000000001,-76.15669276765557
79882.81250000001,-31.71452049975009,79882.81250000001,-311.850483514835,79882.81250000001,-84.91555926588616
80078.12500000001,-33.66508039191233,80078.12500000001,-311.5316368051816,80078.12500000001,-86.86611915805763
80273.43750000001,-36.69596732361264,80273.43750000001,-311.7382344807433,80273.43750000001,-89.89700608969397
80468.75000000001,-29.18926178620873,80468.75000000001,-311.6801857125255,80468.75000000001,-82.39030055230234
80664.06250000001,-36.72022855143351,80664.06250000001,-311.8385003859778,80664.06250000001,-89.92126731761519
80859.37500000001,-26.64128450339023,80859.37500000001,-311.7781715181917,80859.37500000001,-79.84232326950499
81054.68750000001,-30.82425146000762,81054.68750000001,-310.9545018052256,81054.68750000001,-84.02529022614935
81250.00000000001,-25.00993879369073,81250.00000000001,-311.8113124956964,81250.00000000001,-78.21097755978776
81445.31250000001,-32.14190647667994,81445.31250000001,-312.0809870889509,81445.31250000001,-85.34294524280676
81640.62500000001,-44.78417307142357,81640.62500000001,-311.9662686699152,81640.62500000001,-97.9852118375244
81835.93750000001,-23.74596538258879,81835.93750000001,-311.8027867890059,81835.93750000001,-76.94700414869713
82031.25000000001,-21.74911025179772,82031.25000000001,-312.0076753552332,82031.25000000001,-74.95014901792226
82226.56250000001,-29.5791793512831,82226.56250000001,-311.7910405719798,82226.56250000001,-82.78021811736708
82421.87500000001,-31.14983090707792,82421.87500000001,-311.818282532234,82421.87500000001,-84.35086967322408
82617.18750000001,-29.00964875883347,82617.18750000001,-311.838855677074,82617.18750000001,-82.21068752497541
82812.50000000001,-34.62249694244827,82812.50000000001,-311.6426268442049,82812.50000000001,-87.823535708544
83007.81250000001,-24.15773414366645,83007.81250000001,-312.1192302732192,83007.81250000001,-77.35877290977504
83203.12500000001,-31.74826201926262,83203.12500000001,-311.957004365858,83203.12500000001,-84.94930078539102
83398.43750000001,-30.92203954143082,83398.43750000001,-312.0242387341027,83398.43750000001,-84.12307830757828
83593.75000000001,-28.60284026757658,83593.75000000001,-311.8194813469034,83593.75000000001,-81.80387903366565
83789.06250000001,-38.71814358605619,83789.06250000001,-311.0562864248285,83789.06250000001,-91.91918235225694
83984.37500000001,-27.96882430624701,83984.37500000001,-311.3253279829942,83984.37500000001,-81.16986307234373
84179.68750000001,-33.12629294447725,84179.68750000001,-311.9994946257532,84179.68750000001,-86.32733171055565
84375.00000000001,-22.61316594648804,84375.00000000001,-311.9050048940472,84375.00000000001,-75.8142047126008
84570.31250000001,-32.17070150714541,84570.31250000001,-311.8080662569471,84570.31250000001,-85.37174027329017
84765.62500000001,-40.39674650656565,84765.62500000001,-312.0204096939765,84765.62500000001,-93.5977852727539
84960.93750000001,-26.66643466392145,84960.93750000001,-311.810130486869,84960.93750000001,-79.86747343003103
85156.25000000001,-33.01973911436997,85156.25000000001,-311.8955966625372,85156.25000000001,-86.22077788046948
85351.56250000001,-34.69047365277597,85351.56250000001,-311.7106536218687,85351.56250000001,-87.89151241894446
85546.87500000001,-32.89726487278178,85546.87500000001,-311.8454253072614,85546.87500000001,-86.09830363885771
85742.18750000001,-30.31044845074424,85742.18750000001,-312.008342182507,85742.18750000001,-83.51148721688969
85937.50000000001,-26.2855421716442,85937.50000000001,-312.0550425420834,85937.50000000001,-79.48658093776471
86132.81250000001,-31.99799587953034,86132.81250000001,-311.6705057475314,86132.81250000001,-85.1990346456756
86328.12500000001,-30.8428584061498,86328.12500000001,-311.9742661768632,86328.12500000001,-84.04389717225813
86523.43750000001,-29.40206741374272,86523.43750000001,-311.7743962444866,86523.43750000001,-82.60310617988381
86718.75000000001,-25.30946447401554,86718.75000000001,-311.846326209114,86718.75000000001,-78.51050324013229
86914.06250000001,-35.84603641473254,86914.06250000001,-312.0008403914836,86914.06250000001,-89.04707518089729
87109.37500000001,-24.88979250913944,87109.37500000001,-311.9616795072391,87109.37500000001,-78.09083127525271
87304.68750000001,-31.62688571356224,87304.68750000001,-312.2747997735254,87304.68750000001,-84.82792447969169
87500.00000000001,-35.57361123404228,87500.00000000001,-311.955190801469,87500.00000000001,-88.77465000013912
87695.31250000001,-28.58937337188997,87695.31250000001,-312.1026208230751,87695.31250000001,-81.79041213801021
87890.62500000001,-22.54608424333751,87890.62500000001,-312.1576889389539,87890.62500000001,-75.74712300946183
88085.93750000001,-27.17699911814256,88085.93750000001,-311.9941640171671,88085.93750000001,-80.37803788423595
88281.25000000001,-24.4140665722316,88281.25000000001,-312.0437439582827,88281.25000000001,-77.61510533832838
88476.56250000001,-46.09083016170573,88476.56250000001,-311.6917775149061,88476.56250000001,-99.2918689276496
88671.87500000001,-29.48669320594712,88671.87500000001,-311.6758299004595,88671.87500000001,-82.68773197208419
88867.18750000001,-31.85293716051028,88867.18750000001,-312.235615084524,88867.18750000001,-85.05397592659929
89062.50000000001,-26.06483656631003,89062.50000000001,-312.1104015796842,89062.50000000001,-79.2658753324033
89257.81250000001,-28.33271454990296,89257.81250000001,-312.0886324202618,89257.81250000001,-81.53375331600712
89453.12500000001,-44.03740729157514,89453.12500000001,-312.1658112827499,89453.12500000001,-97.23844605755146
89648.43750000001,-25.45356086797333,89648.43750000001,-312.1157482556616,89648.43750000001,-78.65459963406943
89843.75000000001,-32.59558999288603,89843.75000000001,-311.9561256219216,89843.75000000001,-85.79662875899163
90039.06250000001,-36.85801891479574,90039.06250000001,-312.1704268593732,90039.06250000001,-90.0590576809691
90234.37500000001,-35.59994280616108,90234.37500000001,-312.1478579620626,90234.37500000001,-88.80098157228701
90429.68750000001,-31.71991091284051,90429.68750000001,-312.217359617816,90429.68750000001,-84.92094967891799
90625.00000000001,-26.72454297637053,90625.00000000001,-311.9663692853825,90625.00000000001,-79.9255817424867
90820.31250000001,-28.97676006141909,90820.31250000001,-311.8974465511996,90820.31250000001,-82.17779882754903
91015.62500000001,-25.14252483734739,91015.62500000001,-312.2147032691478,91015.62500000001,-78.34356360346658
91210.93750000001,-29.39069160581478,91210.93750000001,-312.0317130270417,91210.93750000001,-82.59173037195005
91406.25000000001,-33.09683434839163,91406.25000000001,-311.8985273414089,91406.25000000001,-86.29787311453424
91601.56250000001,-37.91212347966916,91601.56250000001,-312.0417957608214,91601.56250000001,-91.11316224571304
91796.87500000001,-28.23837205127648,91796.87500000001,-312.4511158519196,91796.87500000001,-81.43941081736516
91992.18750000001,-58.68881557878917,91992.18750000001,-312.3879679971828,91992.18750000001,-111.8898543451005
92187.50000000001,-35.34880089766679,92187.50000000001,-312.4116192077124,92187.50000000001,-88.54983966372808
92382.81250000001,-25.70841571412377,92382.81250000001,-312.354045892348,92382.81250000001,-78.9094544802535
92578.12500000001,-42.16136682569682,92578.12500000001,-312.0995072821,92578.12500000001,-95.36240559193425
92773.43750000001,-29.70435851995965,92773.43750000001,-312.1134572500417,92773.43750000001,-82.90539728604273
92968.75000000001,-21.11330786157412,92968.75000000001,-312.3441470968537,92968.75000000001,-74.31434662768706
93164.06250000001,-35.1845071084734,93164.06250000001,-312.4052802646066,93164.06250000001,-88.38554587453451
93359.37500000001,-41.78848921416758,93359.37500000001,-311.9837199667034,93359.37500000001,-94.98952798017729
93554.68750000001,-32.54440561025808,93554.68750000001,-311.9303520900212,93554.68750000001,-85.74544437639918
93750.00000000001,-31.92364814090186,93750.00000000001,-312.2838935291966,93750.00000000001,-85.12468690700803
93945.31250000001,-32.01412091712312,93945.31250000001,-312.1674165557249,93945.31250000001,-85.21515968319764
94140.62500000001,-29.99250884983553,94140.62500000001,-312.0468469112985,94140.62500000001,-83.19354761597305
94335.93750000001,-29.16324383842444,94335.93750000001,-311.910561264768,94335.93750000001,-82.36428260456081
94531.25000000001,-27.17061999508916,94531.25000000001,-312.197420326691,94531.25000000001,-80.37165876120386
94726.56250000001,-37.85700288509701,94726.56250000001,-312.1899544437769,94726.56250000001,-91.05804165128646
94921.87500000001,-44.35158245934583,94921.87500000001,-312.4667748229076,94921.87500000001,-97.55262122530313
95117.18750000001,-24.63365790691642,95117.18750000001,-312.6232786639044,95117.18750000001,-77.83469667304381
95312.50000000001,-39.38006321554892,95312.50000000001,-312.310890913888,95312.50000000001,-92.58110198161033
95507.81250000001,-34.93432980271903,95507.81250000001,-312.5518132766428,95507.81250000001,-88.13536856881932
95703.12500000001,-45.34218510733695,95703.12500000001,-312.1306327365029,95703.12500000001,-98.54322387356562
95898.43750000001,-24.81637301176386,95898.43750000001,-312.279826271306,95898.43750000001,-78.01741177789327
96093.75000000001,-29.23608070375121,96093.75000000001,-312.2926343698673,96093.75000000001,-82.43711946988665
96289.06250000001,-27.3341776859454,96289.06250000001,-312.3062364506188,96289.06250000001,-80.53521645207083
96484.37500000001,-25.47938266845185,96484.37500000001,-312.0799639864435,96484.37500000001,-78.68042143454672
96679.68750000001,-25.44462717163436,96679.68750000001,-312.331920708912,96679.68750000001,-78.64566593773566
96875.00000000001,-24.47929284341824,96875.00000000001,-312.6664420024391,96875.00000000001,-77.68033160954478
97070.31250000001,-35.9082400460596,97070.31250000001,-311.9716598595401,97070.31250000001,-89.10927881213672
97265.62500000001,-31.86525813365506,97265.62500000001,-312.2790936285084,97265.62500000001,-85.06629689978327
97460.93750000001,-22.57279254303455,97460.93750000001,-311.882423162587,97460.93750000001,-75.77383130913557
97656.25000000001,-28.92428008463676,97656.25000000001,-312.2338300659838,97656.25000000001,-82.12531885072721
97851.56250000001,-46.17829856508764,97851.56250000001,-312.7615363565781,97851.56250000001,-99.37933733101603
98046.87500000001,-30.54371616716642,98046.87500000001,-312.1472032629896,98046.87500000001,-83.74475493328028
98242.18750000001,-33.30634230265488,98242.18750000001,-312.1942347037613,98242.18750000001,-86.50738106874341
98437.50000000001,-27.86457864034148,98437.50000000001,-312.0313921681539,98437.50000000001,-81.06561740646242
98632.81250000001,-26.79520262227169,98632.81250000001,-312.6578470170674,98632.81250000001,-79.99624138839106
98828.12500000001,-34.98032920354235,98828.12500000001,-312.2044647987295,98828.12500000001,-88.18136796971015
99023.43750000001,-32.91566092834859,99023.43750000001,-312.1983997960907,99023.43750000001,-86.11669969443247
99218.75000000001,-27.07277116671845,99218.75000000001,-311.8076851592339,99218.75000000001,-80.27380993281604
99414.06250000001,-25.91300359588323,99414.06250000001,-312.6695025349,99414.06250000001,-79.1140423619898
99609.37500000001,-30.69719910193477,99609.37500000001,-312.8615665742199,99609.37500000001,-83.89823786802692
99804.68750000001,-29.68029680748828,99804.68750000001,-312.174926786087,99804.68750000001,-82.88133557363099
100000,-60.20599913279624,100000,-318.2026017823216,100000,-113.40703789941
